video_id,publish_ts,title,thumbnail_def,thumbnail_mq,thumbnail_hq,channel_title,viewCount,likeCount,dislikeCount,favoriteCount,commentCount,thumbnail_location
vQQEaSnQ_bs,2020-09-10T01:36:20Z,Python YouTube API Tutorial: Using OAuth to Access User Accounts,https://i.ytimg.com/vi/vQQEaSnQ_bs/default.jpg,https://i.ytimg.com/vi/vQQEaSnQ_bs/mqdefault.jpg,https://i.ytimg.com/vi/vQQEaSnQ_bs/hqdefault.jpg,Corey Schafer,67425,1639,14,0,268,./thumbnails/vQQEaSnQ_bs.jpg
1KO_HZtHOWI,2020-07-31T01:02:03Z,Python YouTube API Tutorial: Sort a Playlist by Most Popular Videos,https://i.ytimg.com/vi/1KO_HZtHOWI/default.jpg,https://i.ytimg.com/vi/1KO_HZtHOWI/mqdefault.jpg,https://i.ytimg.com/vi/1KO_HZtHOWI/hqdefault.jpg,Corey Schafer,29199,879,4,0,124,./thumbnails/1KO_HZtHOWI.jpg
coZbOM6E47I,2020-06-09T16:32:14Z,Python YouTube API Tutorial: Calculating the Duration of a Playlist,https://i.ytimg.com/vi/coZbOM6E47I/default.jpg,https://i.ytimg.com/vi/coZbOM6E47I/mqdefault.jpg,https://i.ytimg.com/vi/coZbOM6E47I/hqdefault.jpg,Corey Schafer,36327,1249,11,0,163,./thumbnails/coZbOM6E47I.jpg
th5_9woFJmk,2020-05-29T01:19:50Z,Python YouTube API Tutorial: Getting Started - Creating an API Key and Querying the API,https://i.ytimg.com/vi/th5_9woFJmk/default.jpg,https://i.ytimg.com/vi/th5_9woFJmk/mqdefault.jpg,https://i.ytimg.com/vi/th5_9woFJmk/hqdefault.jpg,Corey Schafer,112666,3935,28,0,287,./thumbnails/th5_9woFJmk.jpg
RO6JxDOVwLQ,2020-05-11T05:25:39Z,Python Tutorial: Real World Example - Using Patreon API and Pillow to Automate Image Creation,https://i.ytimg.com/vi/RO6JxDOVwLQ/default.jpg,https://i.ytimg.com/vi/RO6JxDOVwLQ/mqdefault.jpg,https://i.ytimg.com/vi/RO6JxDOVwLQ/hqdefault.jpg,Corey Schafer,29582,798,5,0,82,./thumbnails/RO6JxDOVwLQ.jpg
N6hyN6BW6ao,2020-03-31T23:12:29Z,"Python Pandas Tutorial (Part 11): Reading/Writing Data to Different Sources - Excel, JSON, SQL, Etc",https://i.ytimg.com/vi/N6hyN6BW6ao/default.jpg,https://i.ytimg.com/vi/N6hyN6BW6ao/mqdefault.jpg,https://i.ytimg.com/vi/N6hyN6BW6ao/hqdefault.jpg,Corey Schafer,86998,2593,13,0,246,./thumbnails/N6hyN6BW6ao.jpg
0Q_8taHAuQQ,2020-03-23T18:17:22Z,"Live Stream - Chat, Q&A, Brews, and Coding",https://i.ytimg.com/vi/0Q_8taHAuQQ/default.jpg,https://i.ytimg.com/vi/0Q_8taHAuQQ/mqdefault.jpg,https://i.ytimg.com/vi/0Q_8taHAuQQ/hqdefault.jpg,Corey Schafer,59179,2575,13,0,252,./thumbnails/0Q_8taHAuQQ.jpg
UFuo7EHI8zc,2020-03-17T18:05:18Z,Python Pandas Tutorial (Part 10): Working with Dates and Time Series Data,https://i.ytimg.com/vi/UFuo7EHI8zc/default.jpg,https://i.ytimg.com/vi/UFuo7EHI8zc/mqdefault.jpg,https://i.ytimg.com/vi/UFuo7EHI8zc/hqdefault.jpg,Corey Schafer,131786,3812,17,0,263,./thumbnails/UFuo7EHI8zc.jpg
KdmPHEnPJPs,2020-02-23T21:02:13Z,Python Pandas Tutorial (Part 9): Cleaning Data - Casting Datatypes and Handling Missing Values,https://i.ytimg.com/vi/KdmPHEnPJPs/default.jpg,https://i.ytimg.com/vi/KdmPHEnPJPs/mqdefault.jpg,https://i.ytimg.com/vi/KdmPHEnPJPs/hqdefault.jpg,Corey Schafer,95015,3016,9,0,140,./thumbnails/KdmPHEnPJPs.jpg
txMdrV1Ut64,2020-02-14T04:21:13Z,Python Pandas Tutorial (Part 8): Grouping and Aggregating - Analyzing and Exploring Your Data,https://i.ytimg.com/vi/txMdrV1Ut64/default.jpg,https://i.ytimg.com/vi/txMdrV1Ut64/mqdefault.jpg,https://i.ytimg.com/vi/txMdrV1Ut64/hqdefault.jpg,Corey Schafer,185536,5125,31,0,499,./thumbnails/txMdrV1Ut64.jpg
T11QYVfZoD0,2020-02-05T23:01:00Z,Python Pandas Tutorial (Part 7): Sorting Data,https://i.ytimg.com/vi/T11QYVfZoD0/default.jpg,https://i.ytimg.com/vi/T11QYVfZoD0/mqdefault.jpg,https://i.ytimg.com/vi/T11QYVfZoD0/hqdefault.jpg,Corey Schafer,81085,2935,9,0,146,./thumbnails/T11QYVfZoD0.jpg
HQ6XO9eT-fc,2020-02-01T20:50:39Z,Python Pandas Tutorial (Part 6): Add/Remove Rows and Columns From DataFrames,https://i.ytimg.com/vi/HQ6XO9eT-fc/default.jpg,https://i.ytimg.com/vi/HQ6XO9eT-fc/mqdefault.jpg,https://i.ytimg.com/vi/HQ6XO9eT-fc/hqdefault.jpg,Corey Schafer,129890,3366,22,0,139,./thumbnails/HQ6XO9eT-fc.jpg
DCDe29sIKcE,2020-01-24T06:37:05Z,Python Pandas Tutorial (Part 5): Updating Rows and Columns - Modifying Data Within DataFrames,https://i.ytimg.com/vi/DCDe29sIKcE/default.jpg,https://i.ytimg.com/vi/DCDe29sIKcE/mqdefault.jpg,https://i.ytimg.com/vi/DCDe29sIKcE/hqdefault.jpg,Corey Schafer,177189,4758,26,0,223,./thumbnails/DCDe29sIKcE.jpg
Lw2rlcxScZY,2020-01-16T20:49:20Z,Python Pandas Tutorial (Part 4): Filtering - Using Conditionals to Filter Rows and Columns,https://i.ytimg.com/vi/Lw2rlcxScZY/default.jpg,https://i.ytimg.com/vi/Lw2rlcxScZY/mqdefault.jpg,https://i.ytimg.com/vi/Lw2rlcxScZY/hqdefault.jpg,Corey Schafer,193113,5568,22,0,227,./thumbnails/Lw2rlcxScZY.jpg
W9XjRYFkkyw,2020-01-13T03:26:20Z,"Python Pandas Tutorial (Part 3): Indexes - How to Set, Reset, and Use Indexes",https://i.ytimg.com/vi/W9XjRYFkkyw/default.jpg,https://i.ytimg.com/vi/W9XjRYFkkyw/mqdefault.jpg,https://i.ytimg.com/vi/W9XjRYFkkyw/hqdefault.jpg,Corey Schafer,173418,5038,20,0,133,./thumbnails/W9XjRYFkkyw.jpg
zmdjNSmRXF4,2020-01-10T03:03:19Z,Python Pandas Tutorial (Part 2): DataFrame and Series Basics - Selecting Rows and Columns,https://i.ytimg.com/vi/zmdjNSmRXF4/default.jpg,https://i.ytimg.com/vi/zmdjNSmRXF4/mqdefault.jpg,https://i.ytimg.com/vi/zmdjNSmRXF4/hqdefault.jpg,Corey Schafer,274238,7404,43,0,250,./thumbnails/zmdjNSmRXF4.jpg
ZyhVh-qRZPA,2020-01-08T16:17:05Z,Python Pandas Tutorial (Part 1): Getting Started with Data Analysis - Installation and Loading Data,https://i.ytimg.com/vi/ZyhVh-qRZPA/default.jpg,https://i.ytimg.com/vi/ZyhVh-qRZPA/mqdefault.jpg,https://i.ytimg.com/vi/ZyhVh-qRZPA/hqdefault.jpg,Corey Schafer,558246,10551,88,0,417,./thumbnails/ZyhVh-qRZPA.jpg
z0gguhEmWiY,2019-11-18T22:51:46Z,Python Tutorial: Zip Files - Creating and Extracting Zip Archives,https://i.ytimg.com/vi/z0gguhEmWiY/default.jpg,https://i.ytimg.com/vi/z0gguhEmWiY/mqdefault.jpg,https://i.ytimg.com/vi/z0gguhEmWiY/hqdefault.jpg,Corey Schafer,69172,1365,27,0,113,./thumbnails/z0gguhEmWiY.jpg
_P7X8tMplsw,2019-10-17T04:13:29Z,Python Data Science Tutorial: Analyzing the 2019 Stack Overflow Developer Survey,https://i.ytimg.com/vi/_P7X8tMplsw/default.jpg,https://i.ytimg.com/vi/_P7X8tMplsw/mqdefault.jpg,https://i.ytimg.com/vi/_P7X8tMplsw/hqdefault.jpg,Corey Schafer,43020,1301,4,0,154,./thumbnails/_P7X8tMplsw.jpg
fKl2JW_qrso,2019-09-19T23:08:33Z,Python Multiprocessing Tutorial: Run Code in Parallel Using the Multiprocessing Module,https://i.ytimg.com/vi/fKl2JW_qrso/default.jpg,https://i.ytimg.com/vi/fKl2JW_qrso/mqdefault.jpg,https://i.ytimg.com/vi/fKl2JW_qrso/hqdefault.jpg,Corey Schafer,435621,12883,92,0,748,./thumbnails/fKl2JW_qrso.jpg
IEEhzQoKtQU,2019-09-11T20:06:26Z,Python Threading Tutorial: Run Code Concurrently Using the Threading Module,https://i.ytimg.com/vi/IEEhzQoKtQU/default.jpg,https://i.ytimg.com/vi/IEEhzQoKtQU/mqdefault.jpg,https://i.ytimg.com/vi/IEEhzQoKtQU/hqdefault.jpg,Corey Schafer,470858,13562,95,0,616,./thumbnails/IEEhzQoKtQU.jpg
mO_dS3rXDIs,2019-08-06T15:23:26Z,"Python Quick Tip: The Difference Between ""=="" and ""is"" (Equality vs Identity)",https://i.ytimg.com/vi/mO_dS3rXDIs/default.jpg,https://i.ytimg.com/vi/mO_dS3rXDIs/mqdefault.jpg,https://i.ytimg.com/vi/mO_dS3rXDIs/hqdefault.jpg,Corey Schafer,82234,3084,36,0,190,./thumbnails/mO_dS3rXDIs.jpg
2Fp1N6dof0Y,2019-07-24T16:26:23Z,Python Tutorial: Calling External Commands Using the Subprocess Module,https://i.ytimg.com/vi/2Fp1N6dof0Y/default.jpg,https://i.ytimg.com/vi/2Fp1N6dof0Y/mqdefault.jpg,https://i.ytimg.com/vi/2Fp1N6dof0Y/hqdefault.jpg,Corey Schafer,214915,5859,35,0,327,./thumbnails/2Fp1N6dof0Y.jpg
XFZRVnP-MTU,2019-06-09T02:44:08Z,Matplotlib Tutorial (Part 10): Subplots,https://i.ytimg.com/vi/XFZRVnP-MTU/default.jpg,https://i.ytimg.com/vi/XFZRVnP-MTU/mqdefault.jpg,https://i.ytimg.com/vi/XFZRVnP-MTU/hqdefault.jpg,Corey Schafer,129813,3258,27,0,221,./thumbnails/XFZRVnP-MTU.jpg
Ercd-Ip5PfQ,2019-06-09T02:43:59Z,Matplotlib Tutorial (Part 9): Plotting Live Data in Real-Time,https://i.ytimg.com/vi/Ercd-Ip5PfQ/default.jpg,https://i.ytimg.com/vi/Ercd-Ip5PfQ/mqdefault.jpg,https://i.ytimg.com/vi/Ercd-Ip5PfQ/hqdefault.jpg,Corey Schafer,221243,4335,45,0,279,./thumbnails/Ercd-Ip5PfQ.jpg
_LWjaAiKaf8,2019-06-09T02:43:52Z,Matplotlib Tutorial (Part 8): Plotting Time Series Data,https://i.ytimg.com/vi/_LWjaAiKaf8/default.jpg,https://i.ytimg.com/vi/_LWjaAiKaf8/mqdefault.jpg,https://i.ytimg.com/vi/_LWjaAiKaf8/hqdefault.jpg,Corey Schafer,104776,2173,13,0,78,./thumbnails/_LWjaAiKaf8.jpg
zZZ_RCwp49g,2019-06-09T02:43:44Z,Matplotlib Tutorial (Part 7): Scatter Plots,https://i.ytimg.com/vi/zZZ_RCwp49g/default.jpg,https://i.ytimg.com/vi/zZZ_RCwp49g/mqdefault.jpg,https://i.ytimg.com/vi/zZZ_RCwp49g/hqdefault.jpg,Corey Schafer,92665,2381,13,0,101,./thumbnails/zZZ_RCwp49g.jpg
XDv6T4a0RNc,2019-06-09T02:43:37Z,Matplotlib Tutorial (Part 6): Histograms,https://i.ytimg.com/vi/XDv6T4a0RNc/default.jpg,https://i.ytimg.com/vi/XDv6T4a0RNc/mqdefault.jpg,https://i.ytimg.com/vi/XDv6T4a0RNc/hqdefault.jpg,Corey Schafer,97066,2401,12,0,96,./thumbnails/XDv6T4a0RNc.jpg
x0Uguu7gqgk,2019-06-09T02:43:29Z,Matplotlib Tutorial (Part 5): Filling Area on Line Plots,https://i.ytimg.com/vi/x0Uguu7gqgk/default.jpg,https://i.ytimg.com/vi/x0Uguu7gqgk/mqdefault.jpg,https://i.ytimg.com/vi/x0Uguu7gqgk/hqdefault.jpg,Corey Schafer,59291,1770,4,0,86,./thumbnails/x0Uguu7gqgk.jpg
xN-Supd4H38,2019-06-09T02:43:22Z,Matplotlib Tutorial (Part 4): Stack Plots,https://i.ytimg.com/vi/xN-Supd4H38/default.jpg,https://i.ytimg.com/vi/xN-Supd4H38/mqdefault.jpg,https://i.ytimg.com/vi/xN-Supd4H38/hqdefault.jpg,Corey Schafer,62669,1767,2,0,63,./thumbnails/xN-Supd4H38.jpg
MPiz50TsyF0,2019-06-09T02:43:12Z,Matplotlib Tutorial (Part 3): Pie Charts,https://i.ytimg.com/vi/MPiz50TsyF0/default.jpg,https://i.ytimg.com/vi/MPiz50TsyF0/mqdefault.jpg,https://i.ytimg.com/vi/MPiz50TsyF0/hqdefault.jpg,Corey Schafer,84193,2276,14,0,71,./thumbnails/MPiz50TsyF0.jpg
nKxLfUrkLE8,2019-06-09T02:43:03Z,Matplotlib Tutorial (Part 2): Bar Charts and Analyzing Data from CSVs,https://i.ytimg.com/vi/nKxLfUrkLE8/default.jpg,https://i.ytimg.com/vi/nKxLfUrkLE8/mqdefault.jpg,https://i.ytimg.com/vi/nKxLfUrkLE8/hqdefault.jpg,Corey Schafer,192846,4222,34,0,283,./thumbnails/nKxLfUrkLE8.jpg
UO98lJQ3QGI,2019-06-09T02:42:56Z,Matplotlib Tutorial (Part 1): Creating and Customizing Our First Plots,https://i.ytimg.com/vi/UO98lJQ3QGI/default.jpg,https://i.ytimg.com/vi/UO98lJQ3QGI/mqdefault.jpg,https://i.ytimg.com/vi/UO98lJQ3QGI/hqdefault.jpg,Corey Schafer,558323,11333,73,0,464,./thumbnails/UO98lJQ3QGI.jpg
-nh9rCzPJ20,2019-05-01T15:04:17Z,Visual Studio Code (Windows) - Setting up a Python Development Environment and Complete Overview,https://i.ytimg.com/vi/-nh9rCzPJ20/default.jpg,https://i.ytimg.com/vi/-nh9rCzPJ20/mqdefault.jpg,https://i.ytimg.com/vi/-nh9rCzPJ20/hqdefault.jpg,Corey Schafer,531508,9212,134,0,452,./thumbnails/-nh9rCzPJ20.jpg
06I63_p-2A4,2019-05-01T14:45:37Z,Visual Studio Code (Mac) - Setting up a Python Development Environment and Complete Overview,https://i.ytimg.com/vi/06I63_p-2A4/default.jpg,https://i.ytimg.com/vi/06I63_p-2A4/mqdefault.jpg,https://i.ytimg.com/vi/06I63_p-2A4/hqdefault.jpg,Corey Schafer,178024,3482,37,0,250,./thumbnails/06I63_p-2A4.jpg
_JGmemuINww,2019-04-24T04:23:17Z,Python Tutorial: Clarifying the Issues with Mutable Default Arguments,https://i.ytimg.com/vi/_JGmemuINww/default.jpg,https://i.ytimg.com/vi/_JGmemuINww/mqdefault.jpg,https://i.ytimg.com/vi/_JGmemuINww/hqdefault.jpg,Corey Schafer,25479,1038,5,0,81,./thumbnails/_JGmemuINww.jpg
zdJEYhA2AZQ,2019-04-22T17:07:34Z,5 Common Python Mistakes and How to Fix Them,https://i.ytimg.com/vi/zdJEYhA2AZQ/default.jpg,https://i.ytimg.com/vi/zdJEYhA2AZQ/mqdefault.jpg,https://i.ytimg.com/vi/zdJEYhA2AZQ/hqdefault.jpg,Corey Schafer,217273,6122,70,0,202,./thumbnails/zdJEYhA2AZQ.jpg
kIdiWut8eD8,2019-04-15T16:56:40Z,How I Setup a New Development Machine - Using Scripts to Automate Installs and Save Time,https://i.ytimg.com/vi/kIdiWut8eD8/default.jpg,https://i.ytimg.com/vi/kIdiWut8eD8/mqdefault.jpg,https://i.ytimg.com/vi/kIdiWut8eD8/hqdefault.jpg,Corey Schafer,43419,1045,18,0,64,./thumbnails/kIdiWut8eD8.jpg
1lxrb_ezP-g,2019-04-09T18:01:14Z,How to Write Python Scripts to Analyze JSON APIs and Sort Results,https://i.ytimg.com/vi/1lxrb_ezP-g/default.jpg,https://i.ytimg.com/vi/1lxrb_ezP-g/mqdefault.jpg,https://i.ytimg.com/vi/1lxrb_ezP-g/hqdefault.jpg,Corey Schafer,102673,2411,12,0,135,./thumbnails/1lxrb_ezP-g.jpg
SELYgZvAZbU,2019-04-09T15:32:01Z,Homebrew Tutorial: Simplify Software Installation on Mac Using This Package Manager,https://i.ytimg.com/vi/SELYgZvAZbU/default.jpg,https://i.ytimg.com/vi/SELYgZvAZbU/mqdefault.jpg,https://i.ytimg.com/vi/SELYgZvAZbU/hqdefault.jpg,Corey Schafer,115808,2444,22,0,129,./thumbnails/SELYgZvAZbU.jpg
APOPm01BVrk,2019-04-02T14:43:24Z,Python Tutorial: VENV (Windows) - How to Use Virtual Environments with the Built-In venv Module,https://i.ytimg.com/vi/APOPm01BVrk/default.jpg,https://i.ytimg.com/vi/APOPm01BVrk/mqdefault.jpg,https://i.ytimg.com/vi/APOPm01BVrk/hqdefault.jpg,Corey Schafer,311422,7666,67,0,423,./thumbnails/APOPm01BVrk.jpg
Kg1Yvry_Ydk,2019-04-02T14:43:15Z,Python Tutorial: VENV (Mac & Linux) - How to Use Virtual Environments with the Built-In venv Module,https://i.ytimg.com/vi/Kg1Yvry_Ydk/default.jpg,https://i.ytimg.com/vi/Kg1Yvry_Ydk/mqdefault.jpg,https://i.ytimg.com/vi/Kg1Yvry_Ydk/hqdefault.jpg,Corey Schafer,132968,4450,25,0,172,./thumbnails/Kg1Yvry_Ydk.jpg
C-gEQdGVXbk,2019-03-25T16:45:06Z,10 Python Tips and Tricks For Writing Better Code,https://i.ytimg.com/vi/C-gEQdGVXbk/default.jpg,https://i.ytimg.com/vi/C-gEQdGVXbk/mqdefault.jpg,https://i.ytimg.com/vi/C-gEQdGVXbk/hqdefault.jpg,Corey Schafer,1064052,32748,295,0,920,./thumbnails/C-gEQdGVXbk.jpg
JRCJ6RtE3xU,2019-03-18T14:55:41Z,"How to Send Emails Using Python - Plain Text, Adding Attachments, HTML Emails, and More",https://i.ytimg.com/vi/JRCJ6RtE3xU/default.jpg,https://i.ytimg.com/vi/JRCJ6RtE3xU/mqdefault.jpg,https://i.ytimg.com/vi/JRCJ6RtE3xU/hqdefault.jpg,Corey Schafer,302494,7154,76,0,628,./thumbnails/JRCJ6RtE3xU.jpg
a6fIbtFB46g,2019-03-11T19:28:48Z,Python Tutorial: Web Scraping with Requests-HTML,https://i.ytimg.com/vi/a6fIbtFB46g/default.jpg,https://i.ytimg.com/vi/a6fIbtFB46g/mqdefault.jpg,https://i.ytimg.com/vi/a6fIbtFB46g/hqdefault.jpg,Corey Schafer,122510,2541,29,0,187,./thumbnails/a6fIbtFB46g.jpg
yqm6MBt-yfY,2019-03-04T18:10:26Z,"Python Tutorial: Write a Script to Monitor a Website, Send Alert Emails, and Reboot Servers",https://i.ytimg.com/vi/yqm6MBt-yfY/default.jpg,https://i.ytimg.com/vi/yqm6MBt-yfY/mqdefault.jpg,https://i.ytimg.com/vi/yqm6MBt-yfY/hqdefault.jpg,Corey Schafer,118520,2429,19,0,103,./thumbnails/yqm6MBt-yfY.jpg
tb8gHvYlCFs,2019-02-26T15:14:01Z,"Python Requests Tutorial: Request Web Pages, Download Images, POST Data, Read JSON, and More",https://i.ytimg.com/vi/tb8gHvYlCFs/default.jpg,https://i.ytimg.com/vi/tb8gHvYlCFs/mqdefault.jpg,https://i.ytimg.com/vi/tb8gHvYlCFs/hqdefault.jpg,Corey Schafer,569890,12283,96,0,417,./thumbnails/tb8gHvYlCFs.jpg
6DI_7Zja8Zc,2019-02-18T20:01:30Z,Python Django Tutorial: Deploying Your Application (Option #2) - Deploy using Heroku,https://i.ytimg.com/vi/6DI_7Zja8Zc/default.jpg,https://i.ytimg.com/vi/6DI_7Zja8Zc/mqdefault.jpg,https://i.ytimg.com/vi/6DI_7Zja8Zc/hqdefault.jpg,Corey Schafer,211404,3892,43,0,619,./thumbnails/6DI_7Zja8Zc.jpg
kt3ZtW9MXhw,2019-02-18T19:43:33Z,Python Django Tutorial: Full-Featured Web App Part 13 - Using AWS S3 for File Uploads,https://i.ytimg.com/vi/kt3ZtW9MXhw/default.jpg,https://i.ytimg.com/vi/kt3ZtW9MXhw/mqdefault.jpg,https://i.ytimg.com/vi/kt3ZtW9MXhw/hqdefault.jpg,Corey Schafer,118627,2052,17,0,452,./thumbnails/kt3ZtW9MXhw.jpg
NhidVhNHfeU,2019-01-24T18:02:32Z,Python Django Tutorial: How to enable HTTPS with a free SSL/TLS Certificate using Let's Encrypt,https://i.ytimg.com/vi/NhidVhNHfeU/default.jpg,https://i.ytimg.com/vi/NhidVhNHfeU/mqdefault.jpg,https://i.ytimg.com/vi/NhidVhNHfeU/hqdefault.jpg,Corey Schafer,100021,1834,12,0,173,./thumbnails/NhidVhNHfeU.jpg
Gdys9qPjuKs,2019-01-24T18:02:15Z,Python Flask Tutorial: How to enable HTTPS with a free SSL/TLS Certificate using Let's Encrypt,https://i.ytimg.com/vi/Gdys9qPjuKs/default.jpg,https://i.ytimg.com/vi/Gdys9qPjuKs/mqdefault.jpg,https://i.ytimg.com/vi/Gdys9qPjuKs/hqdefault.jpg,Corey Schafer,82229,1548,12,0,144,./thumbnails/Gdys9qPjuKs.jpg
D2lwk1Ukgz0,2019-01-16T21:58:01Z,Python Django Tutorial: How to Use a Custom Domain Name for Our Application,https://i.ytimg.com/vi/D2lwk1Ukgz0/default.jpg,https://i.ytimg.com/vi/D2lwk1Ukgz0/mqdefault.jpg,https://i.ytimg.com/vi/D2lwk1Ukgz0/hqdefault.jpg,Corey Schafer,92541,1508,7,0,99,./thumbnails/D2lwk1Ukgz0.jpg
LUFn-QVcmB8,2019-01-16T21:58:22Z,Python Flask Tutorial: How to Use a Custom Domain Name for Our Application,https://i.ytimg.com/vi/LUFn-QVcmB8/default.jpg,https://i.ytimg.com/vi/LUFn-QVcmB8/mqdefault.jpg,https://i.ytimg.com/vi/LUFn-QVcmB8/hqdefault.jpg,Corey Schafer,69280,1298,9,0,74,./thumbnails/LUFn-QVcmB8.jpg
goToXTC96Co,2018-12-20T16:58:28Z,Python Flask Tutorial: Deploying Your Application (Option #1) - Deploy to a Linux Server,https://i.ytimg.com/vi/goToXTC96Co/default.jpg,https://i.ytimg.com/vi/goToXTC96Co/mqdefault.jpg,https://i.ytimg.com/vi/goToXTC96Co/hqdefault.jpg,Corey Schafer,229201,4233,29,0,578,./thumbnails/goToXTC96Co.jpg
Sa_kQheCnds,2018-12-13T18:00:42Z,Python Django Tutorial: Deploying Your Application (Option #1) - Deploy to a Linux Server,https://i.ytimg.com/vi/Sa_kQheCnds/default.jpg,https://i.ytimg.com/vi/Sa_kQheCnds/mqdefault.jpg,https://i.ytimg.com/vi/Sa_kQheCnds/hqdefault.jpg,Corey Schafer,288333,4859,34,0,748,./thumbnails/Sa_kQheCnds.jpg
Qu3dThVy6KQ,2018-11-13T01:59:50Z,Python Tutorial: Itertools Module - Iterator Functions for Efficient Looping,https://i.ytimg.com/vi/Qu3dThVy6KQ/default.jpg,https://i.ytimg.com/vi/Qu3dThVy6KQ/mqdefault.jpg,https://i.ytimg.com/vi/Qu3dThVy6KQ/hqdefault.jpg,Corey Schafer,150259,4263,27,0,213,./thumbnails/Qu3dThVy6KQ.jpg
C3Z9lJXI6Qw,2018-10-24T14:36:17Z,Python Coding Problem: Creating Your Own Iterators,https://i.ytimg.com/vi/C3Z9lJXI6Qw/default.jpg,https://i.ytimg.com/vi/C3Z9lJXI6Qw/mqdefault.jpg,https://i.ytimg.com/vi/C3Z9lJXI6Qw/hqdefault.jpg,Corey Schafer,44002,2048,5,0,206,./thumbnails/C3Z9lJXI6Qw.jpg
jTYiNjvnHZY,2018-10-24T14:36:06Z,Python Tutorial: Iterators and Iterables - What Are They and How Do They Work?,https://i.ytimg.com/vi/jTYiNjvnHZY/default.jpg,https://i.ytimg.com/vi/jTYiNjvnHZY/mqdefault.jpg,https://i.ytimg.com/vi/jTYiNjvnHZY/hqdefault.jpg,Corey Schafer,248177,7693,46,0,261,./thumbnails/jTYiNjvnHZY.jpg
zDYL22QNiWk,2018-10-17T17:55:36Z,Python Tutorial: Pipenv - Easily Manage Packages and Virtual Environments,https://i.ytimg.com/vi/zDYL22QNiWk/default.jpg,https://i.ytimg.com/vi/zDYL22QNiWk/mqdefault.jpg,https://i.ytimg.com/vi/zDYL22QNiWk/hqdefault.jpg,Corey Schafer,147286,4043,28,0,256,./thumbnails/zDYL22QNiWk.jpg
-tyBEsHSv7w,2018-08-31T15:11:29Z,Python Django Tutorial: Full-Featured Web App Part 12 - Email and Password Reset,https://i.ytimg.com/vi/-tyBEsHSv7w/default.jpg,https://i.ytimg.com/vi/-tyBEsHSv7w/mqdefault.jpg,https://i.ytimg.com/vi/-tyBEsHSv7w/hqdefault.jpg,Corey Schafer,167193,4333,31,0,1087,./thumbnails/-tyBEsHSv7w.jpg
acOktTcTVEQ,2018-08-31T15:11:07Z,Python Django Tutorial: Full-Featured Web App Part 11 - Pagination,https://i.ytimg.com/vi/acOktTcTVEQ/default.jpg,https://i.ytimg.com/vi/acOktTcTVEQ/mqdefault.jpg,https://i.ytimg.com/vi/acOktTcTVEQ/hqdefault.jpg,Corey Schafer,168141,4556,24,0,496,./thumbnails/acOktTcTVEQ.jpg
-s7e_Fy6NRU,2018-08-31T15:10:53Z,"Python Django Tutorial: Full-Featured Web App Part 10 - Create, Update, and Delete Posts",https://i.ytimg.com/vi/-s7e_Fy6NRU/default.jpg,https://i.ytimg.com/vi/-s7e_Fy6NRU/mqdefault.jpg,https://i.ytimg.com/vi/-s7e_Fy6NRU/hqdefault.jpg,Corey Schafer,273971,6202,32,0,717,./thumbnails/-s7e_Fy6NRU.jpg
CQ90L5jfldw,2018-08-31T15:10:37Z,Python Django Tutorial: Full-Featured Web App Part 9 - Update User Profile,https://i.ytimg.com/vi/CQ90L5jfldw/default.jpg,https://i.ytimg.com/vi/CQ90L5jfldw/mqdefault.jpg,https://i.ytimg.com/vi/CQ90L5jfldw/hqdefault.jpg,Corey Schafer,210804,5770,19,0,620,./thumbnails/CQ90L5jfldw.jpg
FdVuKt_iuSI,2018-08-31T15:10:18Z,Python Django Tutorial: Full-Featured Web App Part 8 - User Profile and Picture,https://i.ytimg.com/vi/FdVuKt_iuSI/default.jpg,https://i.ytimg.com/vi/FdVuKt_iuSI/mqdefault.jpg,https://i.ytimg.com/vi/FdVuKt_iuSI/hqdefault.jpg,Corey Schafer,312932,7626,37,0,1117,./thumbnails/FdVuKt_iuSI.jpg
3aVqWaLjqS4,2018-08-31T15:09:14Z,Python Django Tutorial: Full-Featured Web App Part 7 - Login and Logout System,https://i.ytimg.com/vi/3aVqWaLjqS4/default.jpg,https://i.ytimg.com/vi/3aVqWaLjqS4/mqdefault.jpg,https://i.ytimg.com/vi/3aVqWaLjqS4/hqdefault.jpg,Corey Schafer,365669,8738,62,0,478,./thumbnails/3aVqWaLjqS4.jpg
q4jPR-M0TAQ,2018-08-31T15:08:43Z,Python Django Tutorial: Full-Featured Web App Part 6 - User Registration,https://i.ytimg.com/vi/q4jPR-M0TAQ/default.jpg,https://i.ytimg.com/vi/q4jPR-M0TAQ/mqdefault.jpg,https://i.ytimg.com/vi/q4jPR-M0TAQ/hqdefault.jpg,Corey Schafer,470313,10594,63,0,1100,./thumbnails/q4jPR-M0TAQ.jpg
aHC3uTkT9r8,2018-08-31T15:08:25Z,Python Django Tutorial: Full-Featured Web App Part 5 - Database and Migrations,https://i.ytimg.com/vi/aHC3uTkT9r8/default.jpg,https://i.ytimg.com/vi/aHC3uTkT9r8/mqdefault.jpg,https://i.ytimg.com/vi/aHC3uTkT9r8/hqdefault.jpg,Corey Schafer,492039,12172,55,0,872,./thumbnails/aHC3uTkT9r8.jpg
1PkNiYlkkjo,2018-08-31T15:08:08Z,Python Django Tutorial: Full-Featured Web App Part 4 - Admin Page,https://i.ytimg.com/vi/1PkNiYlkkjo/default.jpg,https://i.ytimg.com/vi/1PkNiYlkkjo/mqdefault.jpg,https://i.ytimg.com/vi/1PkNiYlkkjo/hqdefault.jpg,Corey Schafer,308345,9853,23,0,296,./thumbnails/1PkNiYlkkjo.jpg
qDwdMDQ8oX4,2018-08-31T15:07:51Z,Python Django Tutorial: Full-Featured Web App Part 3 - Templates,https://i.ytimg.com/vi/qDwdMDQ8oX4/default.jpg,https://i.ytimg.com/vi/qDwdMDQ8oX4/mqdefault.jpg,https://i.ytimg.com/vi/qDwdMDQ8oX4/hqdefault.jpg,Corey Schafer,647198,16394,85,0,1331,./thumbnails/qDwdMDQ8oX4.jpg
a48xeeo5Vnk,2018-08-31T15:07:26Z,Python Django Tutorial: Full-Featured Web App Part 2 - Applications and Routes,https://i.ytimg.com/vi/a48xeeo5Vnk/default.jpg,https://i.ytimg.com/vi/a48xeeo5Vnk/mqdefault.jpg,https://i.ytimg.com/vi/a48xeeo5Vnk/hqdefault.jpg,Corey Schafer,619066,16995,74,0,757,./thumbnails/a48xeeo5Vnk.jpg
UmljXZIypDc,2018-08-31T15:07:05Z,Python Django Tutorial: Full-Featured Web App Part 1 - Getting Started,https://i.ytimg.com/vi/UmljXZIypDc/default.jpg,https://i.ytimg.com/vi/UmljXZIypDc/mqdefault.jpg,https://i.ytimg.com/vi/UmljXZIypDc/hqdefault.jpg,Corey Schafer,1556079,24444,125,0,954,./thumbnails/UmljXZIypDc.jpg
9FPFogHkgOc,2018-08-09T18:55:08Z,Best Sublime Text Features and Shortcuts (Windows),https://i.ytimg.com/vi/9FPFogHkgOc/default.jpg,https://i.ytimg.com/vi/9FPFogHkgOc/mqdefault.jpg,https://i.ytimg.com/vi/9FPFogHkgOc/hqdefault.jpg,Corey Schafer,24865,686,11,0,52,./thumbnails/9FPFogHkgOc.jpg
TB3qztdM7V8,2018-08-09T19:00:08Z,Best Sublime Text Features and Shortcuts (Mac),https://i.ytimg.com/vi/TB3qztdM7V8/default.jpg,https://i.ytimg.com/vi/TB3qztdM7V8/mqdefault.jpg,https://i.ytimg.com/vi/TB3qztdM7V8/hqdefault.jpg,Corey Schafer,18342,389,5,0,22,./thumbnails/TB3qztdM7V8.jpg
OdIHeg4jj2c,2018-07-26T16:09:16Z,Python Tutorial: How to Set the Path and Switch Between Different Versions/Executables (Windows),https://i.ytimg.com/vi/OdIHeg4jj2c/default.jpg,https://i.ytimg.com/vi/OdIHeg4jj2c/mqdefault.jpg,https://i.ytimg.com/vi/OdIHeg4jj2c/hqdefault.jpg,Corey Schafer,115454,2418,20,0,120,./thumbnails/OdIHeg4jj2c.jpg
PUIE7CPANfo,2018-07-26T16:09:23Z,Python Tutorial: How to Set the Path and Switch Between Different Versions/Executables (Mac & Linux),https://i.ytimg.com/vi/PUIE7CPANfo/default.jpg,https://i.ytimg.com/vi/PUIE7CPANfo/mqdefault.jpg,https://i.ytimg.com/vi/PUIE7CPANfo/hqdefault.jpg,Corey Schafer,107601,2248,28,0,142,./thumbnails/PUIE7CPANfo.jpg
nghuHvKLhJA,2018-07-11T23:15:22Z,Python Quick Tip: F-Strings - How to Use Them and Advanced String Formatting,https://i.ytimg.com/vi/nghuHvKLhJA/default.jpg,https://i.ytimg.com/vi/nghuHvKLhJA/mqdefault.jpg,https://i.ytimg.com/vi/nghuHvKLhJA/hqdefault.jpg,Corey Schafer,120053,4657,34,0,198,./thumbnails/nghuHvKLhJA.jpg
OPUP4ghN9oo,2018-06-26T16:52:22Z,"Big Announcements, Video Updates, and Future Plans",https://i.ytimg.com/vi/OPUP4ghN9oo/default.jpg,https://i.ytimg.com/vi/OPUP4ghN9oo/mqdefault.jpg,https://i.ytimg.com/vi/OPUP4ghN9oo/hqdefault.jpg,Corey Schafer,55040,5834,9,0,786,./thumbnails/OPUP4ghN9oo.jpg
r3R3h5ly_8g,2018-06-20T16:01:36Z,Python Tutorial: Sets - Set Methods and Operations to Solve Common Problems,https://i.ytimg.com/vi/r3R3h5ly_8g/default.jpg,https://i.ytimg.com/vi/r3R3h5ly_8g/mqdefault.jpg,https://i.ytimg.com/vi/r3R3h5ly_8g/hqdefault.jpg,Corey Schafer,83178,2815,20,0,157,./thumbnails/r3R3h5ly_8g.jpg
uVNfQDohYNI,2018-05-04T19:39:03Z,Python Flask Tutorial: Full-Featured Web App Part 12 - Custom Error Pages,https://i.ytimg.com/vi/uVNfQDohYNI/default.jpg,https://i.ytimg.com/vi/uVNfQDohYNI/mqdefault.jpg,https://i.ytimg.com/vi/uVNfQDohYNI/hqdefault.jpg,Corey Schafer,78291,2371,3,0,263,./thumbnails/uVNfQDohYNI.jpg
Wfx4YBzg16s,2018-05-04T19:23:57Z,Python Flask Tutorial: Full-Featured Web App Part 11 - Blueprints and Configuration,https://i.ytimg.com/vi/Wfx4YBzg16s/default.jpg,https://i.ytimg.com/vi/Wfx4YBzg16s/mqdefault.jpg,https://i.ytimg.com/vi/Wfx4YBzg16s/hqdefault.jpg,Corey Schafer,131386,2885,21,0,431,./thumbnails/Wfx4YBzg16s.jpg
vutyTx7IaAI,2018-05-04T19:05:53Z,Python Flask Tutorial: Full-Featured Web App Part 10 - Email and Password Reset,https://i.ytimg.com/vi/vutyTx7IaAI/default.jpg,https://i.ytimg.com/vi/vutyTx7IaAI/mqdefault.jpg,https://i.ytimg.com/vi/vutyTx7IaAI/hqdefault.jpg,Corey Schafer,117605,2666,21,0,522,./thumbnails/vutyTx7IaAI.jpg
PSWf2TjTGNY,2018-05-04T18:56:32Z,Python Flask Tutorial: Full-Featured Web App Part 9 - Pagination,https://i.ytimg.com/vi/PSWf2TjTGNY/default.jpg,https://i.ytimg.com/vi/PSWf2TjTGNY/mqdefault.jpg,https://i.ytimg.com/vi/PSWf2TjTGNY/hqdefault.jpg,Corey Schafer,119251,3123,12,0,264,./thumbnails/PSWf2TjTGNY.jpg
u0oDDZrDz9U,2018-05-04T18:44:04Z,"Python Flask Tutorial: Full-Featured Web App Part 8 - Create, Update, and Delete Posts",https://i.ytimg.com/vi/u0oDDZrDz9U/default.jpg,https://i.ytimg.com/vi/u0oDDZrDz9U/mqdefault.jpg,https://i.ytimg.com/vi/u0oDDZrDz9U/hqdefault.jpg,Corey Schafer,170355,3645,14,0,274,./thumbnails/u0oDDZrDz9U.jpg
803Ei2Sq-Zs,2018-05-04T18:26:42Z,Python Flask Tutorial: Full-Featured Web App Part 7 - User Account and Profile Picture,https://i.ytimg.com/vi/803Ei2Sq-Zs/default.jpg,https://i.ytimg.com/vi/803Ei2Sq-Zs/mqdefault.jpg,https://i.ytimg.com/vi/803Ei2Sq-Zs/hqdefault.jpg,Corey Schafer,178937,4168,18,0,413,./thumbnails/803Ei2Sq-Zs.jpg
CSHx6eCkmv0,2018-05-04T18:10:21Z,Python Flask Tutorial: Full-Featured Web App Part 6 - User Authentication,https://i.ytimg.com/vi/CSHx6eCkmv0/default.jpg,https://i.ytimg.com/vi/CSHx6eCkmv0/mqdefault.jpg,https://i.ytimg.com/vi/CSHx6eCkmv0/hqdefault.jpg,Corey Schafer,288087,6031,28,0,654,./thumbnails/CSHx6eCkmv0.jpg
44PvX0Yv368,2018-05-04T18:03:41Z,Python Flask Tutorial: Full-Featured Web App Part 5 - Package Structure,https://i.ytimg.com/vi/44PvX0Yv368/default.jpg,https://i.ytimg.com/vi/44PvX0Yv368/mqdefault.jpg,https://i.ytimg.com/vi/44PvX0Yv368/hqdefault.jpg,Corey Schafer,241505,6431,25,0,430,./thumbnails/44PvX0Yv368.jpg
cYWiDiIUxQc,2018-05-04T17:53:03Z,Python Flask Tutorial: Full-Featured Web App Part 4 - Database with Flask-SQLAlchemy,https://i.ytimg.com/vi/cYWiDiIUxQc/default.jpg,https://i.ytimg.com/vi/cYWiDiIUxQc/mqdefault.jpg,https://i.ytimg.com/vi/cYWiDiIUxQc/hqdefault.jpg,Corey Schafer,479158,8820,54,0,799,./thumbnails/cYWiDiIUxQc.jpg
UIJKdCIEXUQ,2018-05-04T17:44:52Z,Python Flask Tutorial: Full-Featured Web App Part 3 - Forms and User Input,https://i.ytimg.com/vi/UIJKdCIEXUQ/default.jpg,https://i.ytimg.com/vi/UIJKdCIEXUQ/mqdefault.jpg,https://i.ytimg.com/vi/UIJKdCIEXUQ/hqdefault.jpg,Corey Schafer,528022,10336,65,0,1075,./thumbnails/UIJKdCIEXUQ.jpg
QnDWIZuWYW0,2018-05-04T17:23:27Z,Python Flask Tutorial: Full-Featured Web App Part 2 - Templates,https://i.ytimg.com/vi/QnDWIZuWYW0/default.jpg,https://i.ytimg.com/vi/QnDWIZuWYW0/mqdefault.jpg,https://i.ytimg.com/vi/QnDWIZuWYW0/hqdefault.jpg,Corey Schafer,622105,15111,84,0,779,./thumbnails/QnDWIZuWYW0.jpg
MwZwr5Tvyxo,2018-05-04T17:07:20Z,Python Flask Tutorial: Full-Featured Web App Part 1 - Getting Started,https://i.ytimg.com/vi/MwZwr5Tvyxo/default.jpg,https://i.ytimg.com/vi/MwZwr5Tvyxo/mqdefault.jpg,https://i.ytimg.com/vi/MwZwr5Tvyxo/hqdefault.jpg,Corey Schafer,1307640,22681,136,0,881,./thumbnails/MwZwr5Tvyxo.jpg
VGgTmxXp7xQ,2018-03-07T06:21:05Z,Linux/Mac Terminal Tutorial: The Grep Command - Search Files and Directories for Patterns of Text,https://i.ytimg.com/vi/VGgTmxXp7xQ/default.jpg,https://i.ytimg.com/vi/VGgTmxXp7xQ/mqdefault.jpg,https://i.ytimg.com/vi/VGgTmxXp7xQ/hqdefault.jpg,Corey Schafer,227197,6150,46,0,198,./thumbnails/VGgTmxXp7xQ.jpg
xzgwDbe7foQ,2018-02-21T04:23:41Z,How to Run Linux/Bash on Windows 10 Using the Built-In Windows Subsystem for Linux,https://i.ytimg.com/vi/xzgwDbe7foQ/default.jpg,https://i.ytimg.com/vi/xzgwDbe7foQ/mqdefault.jpg,https://i.ytimg.com/vi/xzgwDbe7foQ/hqdefault.jpg,Corey Schafer,389193,8065,139,0,465,./thumbnails/xzgwDbe7foQ.jpg
IolxqkL7cD8,2018-02-01T05:09:43Z,Python Quick Tip: Hiding Passwords and Secret Keys in Environment Variables (Windows),https://i.ytimg.com/vi/IolxqkL7cD8/default.jpg,https://i.ytimg.com/vi/IolxqkL7cD8/mqdefault.jpg,https://i.ytimg.com/vi/IolxqkL7cD8/hqdefault.jpg,Corey Schafer,112448,4203,32,0,197,./thumbnails/IolxqkL7cD8.jpg
5iWhQWVXosU,2018-02-01T04:56:25Z,Python Quick Tip: Hiding Passwords and Secret Keys in Environment Variables (Mac & Linux),https://i.ytimg.com/vi/5iWhQWVXosU/default.jpg,https://i.ytimg.com/vi/5iWhQWVXosU/mqdefault.jpg,https://i.ytimg.com/vi/5iWhQWVXosU/hqdefault.jpg,Corey Schafer,109748,3204,22,0,217,./thumbnails/5iWhQWVXosU.jpg
k8asfUbWbI4,2018-01-18T02:20:31Z,"Python Tutorial: Calculate Number of Days, Weeks, or Months to Reach Specific Goals",https://i.ytimg.com/vi/k8asfUbWbI4/default.jpg,https://i.ytimg.com/vi/k8asfUbWbI4/mqdefault.jpg,https://i.ytimg.com/vi/k8asfUbWbI4/hqdefault.jpg,Corey Schafer,47584,915,14,0,47,./thumbnails/k8asfUbWbI4.jpg
-aKFBoZpiqA,2017-12-20T04:36:11Z,Python Tutorial: Context Managers - Efficiently Managing Resources,https://i.ytimg.com/vi/-aKFBoZpiqA/default.jpg,https://i.ytimg.com/vi/-aKFBoZpiqA/mqdefault.jpg,https://i.ytimg.com/vi/-aKFBoZpiqA/hqdefault.jpg,Corey Schafer,121797,4364,19,0,142,./thumbnails/-aKFBoZpiqA.jpg
CtgkEaeOkew,2017-12-18T05:27:47Z,Channel Update: Look Back on the Year and Big Plans for 2018,https://i.ytimg.com/vi/CtgkEaeOkew/default.jpg,https://i.ytimg.com/vi/CtgkEaeOkew/mqdefault.jpg,https://i.ytimg.com/vi/CtgkEaeOkew/hqdefault.jpg,Corey Schafer,6056,502,0,0,67,./thumbnails/CtgkEaeOkew.jpg
9N6a-VLBa2I,2017-11-19T19:21:14Z,Python Tutorial: Working with JSON Data using the json Module,https://i.ytimg.com/vi/9N6a-VLBa2I/default.jpg,https://i.ytimg.com/vi/9N6a-VLBa2I/mqdefault.jpg,https://i.ytimg.com/vi/9N6a-VLBa2I/hqdefault.jpg,Corey Schafer,732264,16101,124,0,629,./thumbnails/9N6a-VLBa2I.jpg
ng2o98k983k,2017-11-08T05:00:16Z,Python Tutorial: Web Scraping with BeautifulSoup and Requests,https://i.ytimg.com/vi/ng2o98k983k/default.jpg,https://i.ytimg.com/vi/ng2o98k983k/mqdefault.jpg,https://i.ytimg.com/vi/ng2o98k983k/hqdefault.jpg,Corey Schafer,859294,19124,175,0,1041,./thumbnails/ng2o98k983k.jpg
K8L6KVGG-7o,2017-10-24T04:40:34Z,Python Tutorial: re Module - How to Write and Match Regular Expressions (Regex),https://i.ytimg.com/vi/K8L6KVGG-7o/default.jpg,https://i.ytimg.com/vi/K8L6KVGG-7o/mqdefault.jpg,https://i.ytimg.com/vi/K8L6KVGG-7o/hqdefault.jpg,Corey Schafer,703153,18546,109,0,977,./thumbnails/K8L6KVGG-7o.jpg
qE77MbDnljA,2017-10-10T01:23:11Z,Linux/Mac Terminal Tutorial: How To Use The rsync Command - Sync Files Locally and Remotely,https://i.ytimg.com/vi/qE77MbDnljA/default.jpg,https://i.ytimg.com/vi/qE77MbDnljA/mqdefault.jpg,https://i.ytimg.com/vi/qE77MbDnljA/hqdefault.jpg,Corey Schafer,122350,3794,17,0,160,./thumbnails/qE77MbDnljA.jpg
sa-TUpSx1JA,2017-10-05T05:28:03Z,Regular Expressions (Regex) Tutorial: How to Match Any Pattern of Text,https://i.ytimg.com/vi/sa-TUpSx1JA/default.jpg,https://i.ytimg.com/vi/sa-TUpSx1JA/mqdefault.jpg,https://i.ytimg.com/vi/sa-TUpSx1JA/hqdefault.jpg,Corey Schafer,912580,28267,196,0,1705,./thumbnails/sa-TUpSx1JA.jpg
TtIJEQ6D9DE,2017-09-19T03:19:40Z,5 Essential Skills Every Well-Rounded Programmer Should Know,https://i.ytimg.com/vi/TtIJEQ6D9DE/default.jpg,https://i.ytimg.com/vi/TtIJEQ6D9DE/mqdefault.jpg,https://i.ytimg.com/vi/TtIJEQ6D9DE/hqdefault.jpg,Corey Schafer,212010,7715,100,0,195,./thumbnails/TtIJEQ6D9DE.jpg
cY2NXB_Tqq0,2017-09-06T04:03:49Z,"Python Tutorial: How I Manage Multiple Projects, Virtual Environments, and Environment Variables",https://i.ytimg.com/vi/cY2NXB_Tqq0/default.jpg,https://i.ytimg.com/vi/cY2NXB_Tqq0/mqdefault.jpg,https://i.ytimg.com/vi/cY2NXB_Tqq0/hqdefault.jpg,Corey Schafer,109325,1847,20,0,74,./thumbnails/cY2NXB_Tqq0.jpg
KzqSDvzOFNA,2017-08-29T03:31:07Z,Python Tutorial: Generate Random Numbers and Data Using the random Module,https://i.ytimg.com/vi/KzqSDvzOFNA/default.jpg,https://i.ytimg.com/vi/KzqSDvzOFNA/mqdefault.jpg,https://i.ytimg.com/vi/KzqSDvzOFNA/hqdefault.jpg,Corey Schafer,314330,7244,75,0,364,./thumbnails/KzqSDvzOFNA.jpg
QZJ1drMQz1A,2017-08-23T02:05:09Z,Linux/Mac Tutorial: Cron Jobs - How to Schedule Commands with crontab,https://i.ytimg.com/vi/QZJ1drMQz1A/default.jpg,https://i.ytimg.com/vi/QZJ1drMQz1A/mqdefault.jpg,https://i.ytimg.com/vi/QZJ1drMQz1A/hqdefault.jpg,Corey Schafer,169866,4657,23,0,245,./thumbnails/QZJ1drMQz1A.jpg
6tNS--WetLI,2017-08-16T04:33:22Z,Python Tutorial: Unit Testing Your Code with the unittest Module,https://i.ytimg.com/vi/6tNS--WetLI/default.jpg,https://i.ytimg.com/vi/6tNS--WetLI/mqdefault.jpg,https://i.ytimg.com/vi/6tNS--WetLI/hqdefault.jpg,Corey Schafer,748821,15569,96,0,544,./thumbnails/6tNS--WetLI.jpg
q5uM4VKywbA,2017-08-09T03:09:53Z,"Python Tutorial: CSV Module - How to Read, Parse, and Write CSV Files",https://i.ytimg.com/vi/q5uM4VKywbA/default.jpg,https://i.ytimg.com/vi/q5uM4VKywbA/mqdefault.jpg,https://i.ytimg.com/vi/q5uM4VKywbA/hqdefault.jpg,Corey Schafer,826354,14105,156,0,643,./thumbnails/q5uM4VKywbA.jpg
vpk_1gldOAE,2017-08-02T04:23:39Z,Linux/Mac Tutorial: SSH Key-Based Authentication - How to SSH Without a Password,https://i.ytimg.com/vi/vpk_1gldOAE/default.jpg,https://i.ytimg.com/vi/vpk_1gldOAE/mqdefault.jpg,https://i.ytimg.com/vi/vpk_1gldOAE/hqdefault.jpg,Corey Schafer,181488,4079,38,0,204,./thumbnails/vpk_1gldOAE.jpg
bkpLhQd6YQM,2017-07-26T04:59:13Z,Python Tutorial: Real World Example - Parsing Names From a CSV to an HTML List,https://i.ytimg.com/vi/bkpLhQd6YQM/default.jpg,https://i.ytimg.com/vi/bkpLhQd6YQM/mqdefault.jpg,https://i.ytimg.com/vi/bkpLhQd6YQM/hqdefault.jpg,Corey Schafer,122984,2813,16,0,131,./thumbnails/bkpLhQd6YQM.jpg
S7jD6nnYJy0,2017-07-20T05:37:58Z,How to Create a Network of Machines in VirtualBox with SSH Access,https://i.ytimg.com/vi/S7jD6nnYJy0/default.jpg,https://i.ytimg.com/vi/S7jD6nnYJy0/mqdefault.jpg,https://i.ytimg.com/vi/S7jD6nnYJy0/hqdefault.jpg,Corey Schafer,97451,1533,17,0,105,./thumbnails/S7jD6nnYJy0.jpg
Qte4X-rdr2Q,2017-07-12T03:26:50Z,VirtualBox: How to Use Snapshots,https://i.ytimg.com/vi/Qte4X-rdr2Q/default.jpg,https://i.ytimg.com/vi/Qte4X-rdr2Q/mqdefault.jpg,https://i.ytimg.com/vi/Qte4X-rdr2Q/hqdefault.jpg,Corey Schafer,43469,758,13,0,38,./thumbnails/Qte4X-rdr2Q.jpg
CqvZ3vGoGs0,2017-05-17T04:27:58Z,Python Tutorial for Beginners 9: Import Modules and Exploring The Standard Library,https://i.ytimg.com/vi/CqvZ3vGoGs0/default.jpg,https://i.ytimg.com/vi/CqvZ3vGoGs0/mqdefault.jpg,https://i.ytimg.com/vi/CqvZ3vGoGs0/hqdefault.jpg,Corey Schafer,571889,12578,103,0,517,./thumbnails/CqvZ3vGoGs0.jpg
9Os0o3wzS_I,2017-05-17T04:22:21Z,Python Tutorial for Beginners 8: Functions,https://i.ytimg.com/vi/9Os0o3wzS_I/default.jpg,https://i.ytimg.com/vi/9Os0o3wzS_I/mqdefault.jpg,https://i.ytimg.com/vi/9Os0o3wzS_I/hqdefault.jpg,Corey Schafer,796385,15640,202,0,699,./thumbnails/9Os0o3wzS_I.jpg
6iF8Xb7Z3wQ,2017-05-17T04:16:08Z,Python Tutorial for Beginners 7: Loops and Iterations - For/While Loops,https://i.ytimg.com/vi/6iF8Xb7Z3wQ/default.jpg,https://i.ytimg.com/vi/6iF8Xb7Z3wQ/mqdefault.jpg,https://i.ytimg.com/vi/6iF8Xb7Z3wQ/hqdefault.jpg,Corey Schafer,527469,13188,106,0,394,./thumbnails/6iF8Xb7Z3wQ.jpg
DZwmZ8Usvnk,2017-05-17T04:09:03Z,"Python Tutorial for Beginners 6: Conditionals and Booleans - If, Else, and Elif Statements",https://i.ytimg.com/vi/DZwmZ8Usvnk/default.jpg,https://i.ytimg.com/vi/DZwmZ8Usvnk/mqdefault.jpg,https://i.ytimg.com/vi/DZwmZ8Usvnk/hqdefault.jpg,Corey Schafer,398700,10321,66,0,350,./thumbnails/DZwmZ8Usvnk.jpg
daefaLgNkw0,2017-05-17T04:04:13Z,Python Tutorial for Beginners 5: Dictionaries - Working with Key-Value Pairs,https://i.ytimg.com/vi/daefaLgNkw0/default.jpg,https://i.ytimg.com/vi/daefaLgNkw0/mqdefault.jpg,https://i.ytimg.com/vi/daefaLgNkw0/hqdefault.jpg,Corey Schafer,847479,20489,128,0,653,./thumbnails/daefaLgNkw0.jpg
W8KRzm-HUcc,2017-05-17T03:58:17Z,"Python Tutorial for Beginners 4: Lists, Tuples, and Sets",https://i.ytimg.com/vi/W8KRzm-HUcc/default.jpg,https://i.ytimg.com/vi/W8KRzm-HUcc/mqdefault.jpg,https://i.ytimg.com/vi/W8KRzm-HUcc/hqdefault.jpg,Corey Schafer,879233,22526,127,0,908,./thumbnails/W8KRzm-HUcc.jpg
khKv-8q7YmY,2017-05-17T03:48:44Z,Python Tutorial for Beginners 3: Integers and Floats - Working with Numeric Data,https://i.ytimg.com/vi/khKv-8q7YmY/default.jpg,https://i.ytimg.com/vi/khKv-8q7YmY/mqdefault.jpg,https://i.ytimg.com/vi/khKv-8q7YmY/hqdefault.jpg,Corey Schafer,483330,12815,93,0,378,./thumbnails/khKv-8q7YmY.jpg
k9TUPpGqYTo,2017-05-17T03:21:51Z,Python Tutorial for Beginners 2: Strings - Working with Textual Data,https://i.ytimg.com/vi/k9TUPpGqYTo/default.jpg,https://i.ytimg.com/vi/k9TUPpGqYTo/mqdefault.jpg,https://i.ytimg.com/vi/k9TUPpGqYTo/hqdefault.jpg,Corey Schafer,971421,22470,112,0,906,./thumbnails/k9TUPpGqYTo.jpg
YYXdXT2l-Gg,2017-05-17T03:01:34Z,Python Tutorial for Beginners 1: Install and Setup for Mac and Windows,https://i.ytimg.com/vi/YYXdXT2l-Gg/default.jpg,https://i.ytimg.com/vi/YYXdXT2l-Gg/mqdefault.jpg,https://i.ytimg.com/vi/YYXdXT2l-Gg/hqdefault.jpg,Corey Schafer,1991519,22760,222,0,971,./thumbnails/YYXdXT2l-Gg.jpg
pd-0G0MigUA,2017-04-18T03:03:39Z,"Python SQLite Tutorial: Complete Overview - Creating a Database, Table, and Running Queries",https://i.ytimg.com/vi/pd-0G0MigUA/default.jpg,https://i.ytimg.com/vi/pd-0G0MigUA/mqdefault.jpg,https://i.ytimg.com/vi/pd-0G0MigUA/hqdefault.jpg,Corey Schafer,659091,11625,119,0,502,./thumbnails/pd-0G0MigUA.jpg
4qMJN1pY_aw,2017-04-17T05:02:21Z,"Channel Update: Code Snippets, New Rewards, and Playlists",https://i.ytimg.com/vi/4qMJN1pY_aw/default.jpg,https://i.ytimg.com/vi/4qMJN1pY_aw/mqdefault.jpg,https://i.ytimg.com/vi/4qMJN1pY_aw/hqdefault.jpg,Corey Schafer,3583,151,0,0,27,./thumbnails/4qMJN1pY_aw.jpg
KlBPCzcQNU8,2017-03-27T04:52:05Z,Python Tutorial: Decorators With Arguments,https://i.ytimg.com/vi/KlBPCzcQNU8/default.jpg,https://i.ytimg.com/vi/KlBPCzcQNU8/mqdefault.jpg,https://i.ytimg.com/vi/KlBPCzcQNU8/hqdefault.jpg,Corey Schafer,63967,1871,5,0,94,./thumbnails/KlBPCzcQNU8.jpg
jxmzY9soFXg,2017-03-15T02:06:13Z,"Python Tutorial: Logging Advanced - Loggers, Handlers, and Formatters",https://i.ytimg.com/vi/jxmzY9soFXg/default.jpg,https://i.ytimg.com/vi/jxmzY9soFXg/mqdefault.jpg,https://i.ytimg.com/vi/jxmzY9soFXg/hqdefault.jpg,Corey Schafer,202984,6052,37,0,212,./thumbnails/jxmzY9soFXg.jpg
-ARI4Cz-awo,2017-03-15T01:59:26Z,"Python Tutorial: Logging Basics - Logging to Files, Setting Levels, and Formatting",https://i.ytimg.com/vi/-ARI4Cz-awo/default.jpg,https://i.ytimg.com/vi/-ARI4Cz-awo/mqdefault.jpg,https://i.ytimg.com/vi/-ARI4Cz-awo/hqdefault.jpg,Corey Schafer,324841,8582,40,0,245,./thumbnails/-ARI4Cz-awo.jpg
xFciV6Ew5r4,2017-02-15T02:39:37Z,Setting up a Python Development Environment in Sublime Text,https://i.ytimg.com/vi/xFciV6Ew5r4/default.jpg,https://i.ytimg.com/vi/xFciV6Ew5r4/mqdefault.jpg,https://i.ytimg.com/vi/xFciV6Ew5r4/hqdefault.jpg,Corey Schafer,844097,10962,252,0,843,./thumbnails/xFciV6Ew5r4.jpg
DjEuROpsvp4,2017-02-15T04:09:01Z,Setting up a Python Development Environment in Atom,https://i.ytimg.com/vi/DjEuROpsvp4/default.jpg,https://i.ytimg.com/vi/DjEuROpsvp4/mqdefault.jpg,https://i.ytimg.com/vi/DjEuROpsvp4/hqdefault.jpg,Corey Schafer,573178,9038,163,0,633,./thumbnails/DjEuROpsvp4.jpg
QVdf0LgmICw,2016-12-20T06:46:28Z,Python Tutorial: Variable Scope - Understanding the LEGB rule and global/nonlocal statements,https://i.ytimg.com/vi/QVdf0LgmICw/default.jpg,https://i.ytimg.com/vi/QVdf0LgmICw/mqdefault.jpg,https://i.ytimg.com/vi/QVdf0LgmICw/hqdefault.jpg,Corey Schafer,240085,7724,26,0,303,./thumbnails/QVdf0LgmICw.jpg
N4WSqXtd_rk,2016-11-15T02:00:06Z,"Frequently Asked Questions #1: Text Editors, Books, Career Advice, and More",https://i.ytimg.com/vi/N4WSqXtd_rk/default.jpg,https://i.ytimg.com/vi/N4WSqXtd_rk/mqdefault.jpg,https://i.ytimg.com/vi/N4WSqXtd_rk/hqdefault.jpg,Corey Schafer,33689,1336,4,0,71,./thumbnails/N4WSqXtd_rk.jpg
HW29067qVWk,2016-09-22T02:36:50Z,"Jupyter Notebook Tutorial: Introduction, Setup, and Walkthrough",https://i.ytimg.com/vi/HW29067qVWk/default.jpg,https://i.ytimg.com/vi/HW29067qVWk/mqdefault.jpg,https://i.ytimg.com/vi/HW29067qVWk/hqdefault.jpg,Corey Schafer,1441879,23495,258,0,819,./thumbnails/HW29067qVWk.jpg
jCzT9XFZ5bw,2016-08-19T05:41:20Z,"Python OOP Tutorial 6: Property Decorators - Getters, Setters, and Deleters",https://i.ytimg.com/vi/jCzT9XFZ5bw/default.jpg,https://i.ytimg.com/vi/jCzT9XFZ5bw/mqdefault.jpg,https://i.ytimg.com/vi/jCzT9XFZ5bw/hqdefault.jpg,Corey Schafer,673965,22675,108,0,776,./thumbnails/jCzT9XFZ5bw.jpg
YJC6ldI3hWk,2016-08-10T00:35:38Z,Python Tutorial: Anaconda - Installation and Using Conda,https://i.ytimg.com/vi/YJC6ldI3hWk/default.jpg,https://i.ytimg.com/vi/YJC6ldI3hWk/mqdefault.jpg,https://i.ytimg.com/vi/YJC6ldI3hWk/hqdefault.jpg,Corey Schafer,962611,9005,251,0,282,./thumbnails/YJC6ldI3hWk.jpg
3ohzBxoFHAY,2016-08-08T04:29:16Z,Python OOP Tutorial 5: Special (Magic/Dunder) Methods,https://i.ytimg.com/vi/3ohzBxoFHAY/default.jpg,https://i.ytimg.com/vi/3ohzBxoFHAY/mqdefault.jpg,https://i.ytimg.com/vi/3ohzBxoFHAY/hqdefault.jpg,Corey Schafer,600919,18904,68,0,473,./thumbnails/3ohzBxoFHAY.jpg
eirjjyP2qcQ,2016-08-02T05:16:56Z,"Python Tutorial: Datetime Module - How to work with Dates, Times, Timedeltas, and Timezones",https://i.ytimg.com/vi/eirjjyP2qcQ/default.jpg,https://i.ytimg.com/vi/eirjjyP2qcQ/mqdefault.jpg,https://i.ytimg.com/vi/eirjjyP2qcQ/hqdefault.jpg,Corey Schafer,368317,6902,75,0,334,./thumbnails/eirjjyP2qcQ.jpg
Nqp3AgVqp1w,2016-08-01T02:52:00Z,How to Install Kali Linux 2016 on VirtualBox with Guest Additions,https://i.ytimg.com/vi/Nqp3AgVqp1w/default.jpg,https://i.ytimg.com/vi/Nqp3AgVqp1w/mqdefault.jpg,https://i.ytimg.com/vi/Nqp3AgVqp1w/hqdefault.jpg,Corey Schafer,2991,91,2,0,12,./thumbnails/Nqp3AgVqp1w.jpg
KCVaNb_zOuw,2016-07-27T04:56:45Z,Linux/Mac Terminal Tutorial: How To Use The find Command,https://i.ytimg.com/vi/KCVaNb_zOuw/default.jpg,https://i.ytimg.com/vi/KCVaNb_zOuw/mqdefault.jpg,https://i.ytimg.com/vi/KCVaNb_zOuw/hqdefault.jpg,Corey Schafer,137825,4661,20,0,206,./thumbnails/KCVaNb_zOuw.jpg
RSl87lqOXDE,2016-07-25T05:46:58Z,Python OOP Tutorial 4: Inheritance - Creating Subclasses,https://i.ytimg.com/vi/RSl87lqOXDE/default.jpg,https://i.ytimg.com/vi/RSl87lqOXDE/mqdefault.jpg,https://i.ytimg.com/vi/RSl87lqOXDE/hqdefault.jpg,Corey Schafer,906718,28930,97,0,1027,./thumbnails/RSl87lqOXDE.jpg
rq8cL2XMM5M,2016-07-11T05:00:59Z,Python OOP Tutorial 3: classmethods and staticmethods,https://i.ytimg.com/vi/rq8cL2XMM5M/default.jpg,https://i.ytimg.com/vi/rq8cL2XMM5M/mqdefault.jpg,https://i.ytimg.com/vi/rq8cL2XMM5M/hqdefault.jpg,Corey Schafer,1080855,31136,127,0,931,./thumbnails/rq8cL2XMM5M.jpg
BJ-VvGyQxho,2016-06-23T02:57:31Z,Python OOP Tutorial 2: Class Variables,https://i.ytimg.com/vi/BJ-VvGyQxho/default.jpg,https://i.ytimg.com/vi/BJ-VvGyQxho/mqdefault.jpg,https://i.ytimg.com/vi/BJ-VvGyQxho/hqdefault.jpg,Corey Schafer,1223594,43101,125,0,1352,./thumbnails/BJ-VvGyQxho.jpg
ZDa-Z5JzLYM,2016-06-20T04:25:04Z,Python OOP Tutorial 1: Classes and Instances,https://i.ytimg.com/vi/ZDa-Z5JzLYM/default.jpg,https://i.ytimg.com/vi/ZDa-Z5JzLYM/mqdefault.jpg,https://i.ytimg.com/vi/ZDa-Z5JzLYM/hqdefault.jpg,Corey Schafer,2984869,81330,473,0,3273,./thumbnails/ZDa-Z5JzLYM.jpg
WxUVU0b95Oc,2016-06-09T04:50:50Z,Linux/Mac Terminal Tutorial: How To Use The cURL Command,https://i.ytimg.com/vi/WxUVU0b95Oc/default.jpg,https://i.ytimg.com/vi/WxUVU0b95Oc/mqdefault.jpg,https://i.ytimg.com/vi/WxUVU0b95Oc/hqdefault.jpg,Corey Schafer,140488,2842,20,0,63,./thumbnails/WxUVU0b95Oc.jpg
-2x-5DN-caM,2016-05-29T06:15:19Z,How to Install Ubuntu 16.04 LTS on VirtualBox with Guest Additions,https://i.ytimg.com/vi/-2x-5DN-caM/default.jpg,https://i.ytimg.com/vi/-2x-5DN-caM/mqdefault.jpg,https://i.ytimg.com/vi/-2x-5DN-caM/hqdefault.jpg,Corey Schafer,8261,256,1,0,15,./thumbnails/-2x-5DN-caM.jpg
llBzkEatyN0,2016-05-03T05:32:02Z,"Channel Update: 5000 Subscribers, Future Tutorials, and Giveaway",https://i.ytimg.com/vi/llBzkEatyN0/default.jpg,https://i.ytimg.com/vi/llBzkEatyN0/mqdefault.jpg,https://i.ytimg.com/vi/llBzkEatyN0/hqdefault.jpg,Corey Schafer,2729,110,1,0,30,./thumbnails/llBzkEatyN0.jpg
Uh2ebFW8OYM,2016-04-29T03:29:25Z,Python Tutorial: File Objects - Reading and Writing to Files,https://i.ytimg.com/vi/Uh2ebFW8OYM/default.jpg,https://i.ytimg.com/vi/Uh2ebFW8OYM/mqdefault.jpg,https://i.ytimg.com/vi/Uh2ebFW8OYM/hqdefault.jpg,Corey Schafer,1198247,17163,249,0,805,./thumbnails/Uh2ebFW8OYM.jpg
tJxcKyFMTGo,2016-04-06T05:08:52Z,Python Tutorial: OS Module - Use Underlying Operating System Functionality,https://i.ytimg.com/vi/tJxcKyFMTGo/default.jpg,https://i.ytimg.com/vi/tJxcKyFMTGo/mqdefault.jpg,https://i.ytimg.com/vi/tJxcKyFMTGo/hqdefault.jpg,Corey Schafer,647451,12546,110,0,539,./thumbnails/tJxcKyFMTGo.jpg
FsAPt_9Bf3U,2016-04-04T02:41:04Z,Python Tutorial: Decorators - Dynamically Alter The Functionality Of Your Functions,https://i.ytimg.com/vi/FsAPt_9Bf3U/default.jpg,https://i.ytimg.com/vi/FsAPt_9Bf3U/mqdefault.jpg,https://i.ytimg.com/vi/FsAPt_9Bf3U/hqdefault.jpg,Corey Schafer,650738,14312,132,0,879,./thumbnails/FsAPt_9Bf3U.jpg
vTX3IwquFkc,2016-03-10T05:07:06Z,"Python Tutorial: String Formatting - Advanced Operations for Dicts, Lists, Numbers, and Dates",https://i.ytimg.com/vi/vTX3IwquFkc/default.jpg,https://i.ytimg.com/vi/vTX3IwquFkc/mqdefault.jpg,https://i.ytimg.com/vi/vTX3IwquFkc/hqdefault.jpg,Corey Schafer,234927,4766,56,0,192,./thumbnails/vTX3IwquFkc.jpg
swU3c34d2NQ,2016-03-08T05:41:01Z,Programming Terms: Closures - How to Use Them and Why They Are Useful,https://i.ytimg.com/vi/swU3c34d2NQ/default.jpg,https://i.ytimg.com/vi/swU3c34d2NQ/mqdefault.jpg,https://i.ytimg.com/vi/swU3c34d2NQ/hqdefault.jpg,Corey Schafer,280325,6198,35,0,267,./thumbnails/swU3c34d2NQ.jpg
1iPs43TppOY,2016-02-18T03:36:58Z,JavaScript Tutorial: Run JavaScript in Sublime Text with a NodeJS Build System,https://i.ytimg.com/vi/1iPs43TppOY/default.jpg,https://i.ytimg.com/vi/1iPs43TppOY/mqdefault.jpg,https://i.ytimg.com/vi/1iPs43TppOY/hqdefault.jpg,Corey Schafer,131942,1108,53,0,112,./thumbnails/1iPs43TppOY.jpg
xqcTfplzr7c,2016-02-18T03:13:55Z,Python Tutorial: Custom Sublime Text Build Systems,https://i.ytimg.com/vi/xqcTfplzr7c/default.jpg,https://i.ytimg.com/vi/xqcTfplzr7c/mqdefault.jpg,https://i.ytimg.com/vi/xqcTfplzr7c/hqdefault.jpg,Corey Schafer,101174,1092,19,0,144,./thumbnails/xqcTfplzr7c.jpg
kr0mpwqttM0,2016-02-11T05:12:29Z,Programming Terms: First-Class Functions,https://i.ytimg.com/vi/kr0mpwqttM0/default.jpg,https://i.ytimg.com/vi/kr0mpwqttM0/mqdefault.jpg,https://i.ytimg.com/vi/kr0mpwqttM0/hqdefault.jpg,Corey Schafer,207644,6375,27,0,389,./thumbnails/kr0mpwqttM0.jpg
x3v9zMX1s4s,2016-02-09T05:18:34Z,"Python Tutorial: Duck Typing and Asking Forgiveness, Not Permission (EAFP)",https://i.ytimg.com/vi/x3v9zMX1s4s/default.jpg,https://i.ytimg.com/vi/x3v9zMX1s4s/mqdefault.jpg,https://i.ytimg.com/vi/x3v9zMX1s4s/hqdefault.jpg,Corey Schafer,101311,3132,24,0,146,./thumbnails/x3v9zMX1s4s.jpg
c5RZWDLqifA,2016-02-05T05:06:16Z,Customizing Your Terminal: How To Use and Modify Dotfiles,https://i.ytimg.com/vi/c5RZWDLqifA/default.jpg,https://i.ytimg.com/vi/c5RZWDLqifA/mqdefault.jpg,https://i.ytimg.com/vi/c5RZWDLqifA/hqdefault.jpg,Corey Schafer,43192,1042,8,0,64,./thumbnails/c5RZWDLqifA.jpg
LXgXV7YmSiU,2016-02-05T04:49:22Z,Customizing Your Terminal: Adding Color and Information to Your Prompt,https://i.ytimg.com/vi/LXgXV7YmSiU/default.jpg,https://i.ytimg.com/vi/LXgXV7YmSiU/mqdefault.jpg,https://i.ytimg.com/vi/LXgXV7YmSiU/hqdefault.jpg,Corey Schafer,172441,2558,35,0,158,./thumbnails/LXgXV7YmSiU.jpg
vDOVEDl2z84,2016-02-05T04:35:49Z,Customizing Your Terminal: .bash_profile and .bashrc files,https://i.ytimg.com/vi/vDOVEDl2z84/default.jpg,https://i.ytimg.com/vi/vDOVEDl2z84/mqdefault.jpg,https://i.ytimg.com/vi/vDOVEDl2z84/hqdefault.jpg,Corey Schafer,207490,2625,55,0,160,./thumbnails/vDOVEDl2z84.jpg
eoejHvAPDFs,2016-01-21T05:30:13Z,"Linux/Mac Terminal Tutorial: Create, Copy, Move, Rename and Delete Files and Directories",https://i.ytimg.com/vi/eoejHvAPDFs/default.jpg,https://i.ytimg.com/vi/eoejHvAPDFs/mqdefault.jpg,https://i.ytimg.com/vi/eoejHvAPDFs/hqdefault.jpg,Corey Schafer,139629,1812,31,0,89,./thumbnails/eoejHvAPDFs.jpg
ve2pmm5JqmI,2015-12-23T07:01:37Z,Python Tutorial: Automate Parsing and Renaming of Multiple Files,https://i.ytimg.com/vi/ve2pmm5JqmI/default.jpg,https://i.ytimg.com/vi/ve2pmm5JqmI/mqdefault.jpg,https://i.ytimg.com/vi/ve2pmm5JqmI/hqdefault.jpg,Corey Schafer,345379,10740,45,0,739,./thumbnails/ve2pmm5JqmI.jpg
D3JvDWO-BY4,2015-12-15T06:02:08Z,"Python Tutorial: Sorting Lists, Tuples, and Objects",https://i.ytimg.com/vi/D3JvDWO-BY4/default.jpg,https://i.ytimg.com/vi/D3JvDWO-BY4/mqdefault.jpg,https://i.ytimg.com/vi/D3JvDWO-BY4/hqdefault.jpg,Corey Schafer,194075,3956,37,0,192,./thumbnails/D3JvDWO-BY4.jpg
6Qs3wObeWwc,2015-11-17T03:46:31Z,Python Tutorial: Image Manipulation with Pillow,https://i.ytimg.com/vi/6Qs3wObeWwc/default.jpg,https://i.ytimg.com/vi/6Qs3wObeWwc/mqdefault.jpg,https://i.ytimg.com/vi/6Qs3wObeWwc/hqdefault.jpg,Corey Schafer,301704,4253,67,0,226,./thumbnails/6Qs3wObeWwc.jpg
vRapY8xJwn8,2015-11-16T06:09:07Z,Welcome to my Channel,https://i.ytimg.com/vi/vRapY8xJwn8/default.jpg,https://i.ytimg.com/vi/vRapY8xJwn8/mqdefault.jpg,https://i.ytimg.com/vi/vRapY8xJwn8/hqdefault.jpg,Corey Schafer,430292,553,40,0,44,./thumbnails/vRapY8xJwn8.jpg
NIWwJbo-9_8,2015-11-13T04:29:35Z,Python Tutorial: Using Try/Except Blocks for Error Handling,https://i.ytimg.com/vi/NIWwJbo-9_8/default.jpg,https://i.ytimg.com/vi/NIWwJbo-9_8/mqdefault.jpg,https://i.ytimg.com/vi/NIWwJbo-9_8/hqdefault.jpg,Corey Schafer,434437,9175,67,0,416,./thumbnails/NIWwJbo-9_8.jpg
ajrtAuDg3yw,2015-10-29T02:50:05Z,Python Tutorial: Slicing Lists and Strings,https://i.ytimg.com/vi/ajrtAuDg3yw/default.jpg,https://i.ytimg.com/vi/ajrtAuDg3yw/mqdefault.jpg,https://i.ytimg.com/vi/ajrtAuDg3yw/hqdefault.jpg,Corey Schafer,279460,5294,33,0,222,./thumbnails/ajrtAuDg3yw.jpg
a7EjmdQzPqY,2015-10-28T04:24:29Z,Programming Terms: Memoization,https://i.ytimg.com/vi/a7EjmdQzPqY/default.jpg,https://i.ytimg.com/vi/a7EjmdQzPqY/mqdefault.jpg,https://i.ytimg.com/vi/a7EjmdQzPqY/hqdefault.jpg,Corey Schafer,52384,1889,11,0,83,./thumbnails/a7EjmdQzPqY.jpg
wva2yMqcB6Q,2015-10-27T02:17:06Z,SQL Tutorial for Beginners 5: UPDATE and DELETE - Modifying and Removing Records from Your Database,https://i.ytimg.com/vi/wva2yMqcB6Q/default.jpg,https://i.ytimg.com/vi/wva2yMqcB6Q/mqdefault.jpg,https://i.ytimg.com/vi/wva2yMqcB6Q/hqdefault.jpg,Corey Schafer,45860,866,3,0,51,./thumbnails/wva2yMqcB6Q.jpg
-FPVPcq28r4,2015-10-27T02:02:29Z,SQL Tutorial for Beginners 4: SELECT - Retrieving Records from Your Database,https://i.ytimg.com/vi/-FPVPcq28r4/default.jpg,https://i.ytimg.com/vi/-FPVPcq28r4/mqdefault.jpg,https://i.ytimg.com/vi/-FPVPcq28r4/hqdefault.jpg,Corey Schafer,74512,1091,10,0,19,./thumbnails/-FPVPcq28r4.jpg
FdZecVxzJbk,2015-10-26T03:42:45Z,Git Tutorial: Fixing Common Mistakes and Undoing Bad Commits,https://i.ytimg.com/vi/FdZecVxzJbk/default.jpg,https://i.ytimg.com/vi/FdZecVxzJbk/mqdefault.jpg,https://i.ytimg.com/vi/FdZecVxzJbk/hqdefault.jpg,Corey Schafer,314577,7246,44,0,247,./thumbnails/FdZecVxzJbk.jpg
NDFbXIiqT4o,2015-10-24T17:33:47Z,Setting up a Python Development Environment in Eclipse,https://i.ytimg.com/vi/NDFbXIiqT4o/default.jpg,https://i.ytimg.com/vi/NDFbXIiqT4o/mqdefault.jpg,https://i.ytimg.com/vi/NDFbXIiqT4o/hqdefault.jpg,Corey Schafer,159798,1227,30,0,110,./thumbnails/NDFbXIiqT4o.jpg
mvki0jCnJIk,2015-10-24T16:42:50Z,Mac Tip: New Split Screen Feature in El Capitan,https://i.ytimg.com/vi/mvki0jCnJIk/default.jpg,https://i.ytimg.com/vi/mvki0jCnJIk/mqdefault.jpg,https://i.ytimg.com/vi/mvki0jCnJIk/hqdefault.jpg,Corey Schafer,16036,139,3,0,6,./thumbnails/mvki0jCnJIk.jpg
mJokZMWnyGY,2015-10-21T04:05:18Z,Python: Ex Machina Easter Egg - Hidden Message within the Code,https://i.ytimg.com/vi/mJokZMWnyGY/default.jpg,https://i.ytimg.com/vi/mJokZMWnyGY/mqdefault.jpg,https://i.ytimg.com/vi/mJokZMWnyGY/hqdefault.jpg,Corey Schafer,25919,645,3,0,17,./thumbnails/mJokZMWnyGY.jpg
j6vKLJxAKfw,2015-10-21T03:39:27Z,Linux/Mac Terminal Tutorial: Navigating your Filesystem,https://i.ytimg.com/vi/j6vKLJxAKfw/default.jpg,https://i.ytimg.com/vi/j6vKLJxAKfw/mqdefault.jpg,https://i.ytimg.com/vi/j6vKLJxAKfw/hqdefault.jpg,Corey Schafer,123324,1679,8,0,42,./thumbnails/j6vKLJxAKfw.jpg
fA0jpjwi4J8,2015-10-13T00:52:15Z,SQL Tutorial for Beginners 3: INSERT - Adding Records to Your Database,https://i.ytimg.com/vi/fA0jpjwi4J8/default.jpg,https://i.ytimg.com/vi/fA0jpjwi4J8/mqdefault.jpg,https://i.ytimg.com/vi/fA0jpjwi4J8/hqdefault.jpg,Corey Schafer,68154,891,7,0,24,./thumbnails/fA0jpjwi4J8.jpg
w4HEVY_GjqY,2015-10-13T00:39:10Z,SQL Tutorial for Beginners 2: Creating Your First Table,https://i.ytimg.com/vi/w4HEVY_GjqY/default.jpg,https://i.ytimg.com/vi/w4HEVY_GjqY/mqdefault.jpg,https://i.ytimg.com/vi/w4HEVY_GjqY/hqdefault.jpg,Corey Schafer,136564,1318,19,0,40,./thumbnails/w4HEVY_GjqY.jpg
xaWlS9HtWYw,2015-10-13T00:20:33Z,SQL Tutorial for Beginners 1: Installing PostgreSQL and Creating Your First Database,https://i.ytimg.com/vi/xaWlS9HtWYw/default.jpg,https://i.ytimg.com/vi/xaWlS9HtWYw/mqdefault.jpg,https://i.ytimg.com/vi/xaWlS9HtWYw/hqdefault.jpg,Corey Schafer,432613,3599,108,0,161,./thumbnails/xaWlS9HtWYw.jpg
DEwgZNC-KyE,2015-10-11T20:09:12Z,Preparing for a Python Interview: 10 Things You Should Know,https://i.ytimg.com/vi/DEwgZNC-KyE/default.jpg,https://i.ytimg.com/vi/DEwgZNC-KyE/mqdefault.jpg,https://i.ytimg.com/vi/DEwgZNC-KyE/hqdefault.jpg,Corey Schafer,806339,15704,255,0,503,./thumbnails/DEwgZNC-KyE.jpg
tcd4txbTtAY,2015-09-22T06:11:45Z,"Git Tutorial: Difference between ""add -A"", ""add -u"", ""add ."", and ""add *""",https://i.ytimg.com/vi/tcd4txbTtAY/default.jpg,https://i.ytimg.com/vi/tcd4txbTtAY/mqdefault.jpg,https://i.ytimg.com/vi/tcd4txbTtAY/hqdefault.jpg,Corey Schafer,40465,1256,3,0,65,./thumbnails/tcd4txbTtAY.jpg
QI9EczPQzPQ,2015-09-12T19:46:27Z,Programming Terms: Combinations and Permutations,https://i.ytimg.com/vi/QI9EczPQzPQ/default.jpg,https://i.ytimg.com/vi/QI9EczPQzPQ/mqdefault.jpg,https://i.ytimg.com/vi/QI9EczPQzPQ/hqdefault.jpg,Corey Schafer,38424,946,13,0,46,./thumbnails/QI9EczPQzPQ.jpg
tsiSg_beudo,2015-08-31T13:46:53Z,Chrome Quick Tip: Quickly Bookmark Open Tabs for Later Viewing,https://i.ytimg.com/vi/tsiSg_beudo/default.jpg,https://i.ytimg.com/vi/tsiSg_beudo/mqdefault.jpg,https://i.ytimg.com/vi/tsiSg_beudo/hqdefault.jpg,Corey Schafer,3848,42,0,0,5,./thumbnails/tsiSg_beudo.jpg
3dt4OGnU5sM,2015-08-24T03:44:04Z,Python Tutorial: Comprehensions - How they work and why you should be using them,https://i.ytimg.com/vi/3dt4OGnU5sM/default.jpg,https://i.ytimg.com/vi/3dt4OGnU5sM/mqdefault.jpg,https://i.ytimg.com/vi/3dt4OGnU5sM/hqdefault.jpg,Corey Schafer,369194,9268,55,0,441,./thumbnails/3dt4OGnU5sM.jpg
bD05uGo_sVI,2015-08-17T03:22:50Z,Python Tutorial: Generators - How to use them and the benefits you receive,https://i.ytimg.com/vi/bD05uGo_sVI/default.jpg,https://i.ytimg.com/vi/bD05uGo_sVI/mqdefault.jpg,https://i.ytimg.com/vi/bD05uGo_sVI/hqdefault.jpg,Corey Schafer,659190,15399,161,0,588,./thumbnails/bD05uGo_sVI.jpg
lE6Y6M9xPLw,2015-08-09T19:58:10Z,Quickest and Easiest Way to Run a Local Web-Server,https://i.ytimg.com/vi/lE6Y6M9xPLw/default.jpg,https://i.ytimg.com/vi/lE6Y6M9xPLw/mqdefault.jpg,https://i.ytimg.com/vi/lE6Y6M9xPLw/hqdefault.jpg,Corey Schafer,86097,860,30,0,57,./thumbnails/lE6Y6M9xPLw.jpg
HVsySz-h9r4,2015-08-03T05:45:58Z,Git Tutorial for Beginners: Command-Line Fundamentals,https://i.ytimg.com/vi/HVsySz-h9r4/default.jpg,https://i.ytimg.com/vi/HVsySz-h9r4/mqdefault.jpg,https://i.ytimg.com/vi/HVsySz-h9r4/hqdefault.jpg,Corey Schafer,1821774,31830,354,0,1530,./thumbnails/HVsySz-h9r4.jpg
TXzrk3b9sKM,2015-07-27T04:14:03Z,Mac OS X Terminal Tutorial: Time-Saving Keyboard Shortcuts,https://i.ytimg.com/vi/TXzrk3b9sKM/default.jpg,https://i.ytimg.com/vi/TXzrk3b9sKM/mqdefault.jpg,https://i.ytimg.com/vi/TXzrk3b9sKM/hqdefault.jpg,Corey Schafer,25039,725,4,0,28,./thumbnails/TXzrk3b9sKM.jpg
QGy6M8HZSC4,2015-07-15T03:45:40Z,Overview of Online Learning Resources,https://i.ytimg.com/vi/QGy6M8HZSC4/default.jpg,https://i.ytimg.com/vi/QGy6M8HZSC4/mqdefault.jpg,https://i.ytimg.com/vi/QGy6M8HZSC4/hqdefault.jpg,Corey Schafer,29926,1055,7,0,61,./thumbnails/QGy6M8HZSC4.jpg
Dh-0lAyc3Bc,2015-07-07T06:23:16Z,Python Tutorial: Else Clauses on Loops,https://i.ytimg.com/vi/Dh-0lAyc3Bc/default.jpg,https://i.ytimg.com/vi/Dh-0lAyc3Bc/mqdefault.jpg,https://i.ytimg.com/vi/Dh-0lAyc3Bc/hqdefault.jpg,Corey Schafer,35822,1114,9,0,42,./thumbnails/Dh-0lAyc3Bc.jpg
5qQQ3yzbKp8,2015-07-07T06:10:55Z,Programming Terms: Mutable vs Immutable,https://i.ytimg.com/vi/5qQQ3yzbKp8/default.jpg,https://i.ytimg.com/vi/5qQQ3yzbKp8/mqdefault.jpg,https://i.ytimg.com/vi/5qQQ3yzbKp8/hqdefault.jpg,Corey Schafer,73663,2037,9,0,107,./thumbnails/5qQQ3yzbKp8.jpg
GfxJYp9_nJA,2015-07-07T05:55:14Z,Python Tutorial: Namedtuple - When and why should you use namedtuples?,https://i.ytimg.com/vi/GfxJYp9_nJA/default.jpg,https://i.ytimg.com/vi/GfxJYp9_nJA/mqdefault.jpg,https://i.ytimg.com/vi/GfxJYp9_nJA/hqdefault.jpg,Corey Schafer,79111,2194,15,0,91,./thumbnails/GfxJYp9_nJA.jpg
UaKZ4wKytcA,2015-06-21T00:13:46Z,Programming Terms: Idempotence,https://i.ytimg.com/vi/UaKZ4wKytcA/default.jpg,https://i.ytimg.com/vi/UaKZ4wKytcA/mqdefault.jpg,https://i.ytimg.com/vi/UaKZ4wKytcA/hqdefault.jpg,Corey Schafer,33790,933,7,0,33,./thumbnails/UaKZ4wKytcA.jpg
0q8spKeh1Kc,2015-06-20T23:58:02Z,Programming Terms: String Interpolation,https://i.ytimg.com/vi/0q8spKeh1Kc/default.jpg,https://i.ytimg.com/vi/0q8spKeh1Kc/mqdefault.jpg,https://i.ytimg.com/vi/0q8spKeh1Kc/hqdefault.jpg,Corey Schafer,23066,772,5,0,38,./thumbnails/0q8spKeh1Kc.jpg
IGH4-ZhfVDk,2015-06-13T20:21:14Z,Programming Terms: DRY (Don't Repeat Yourself),https://i.ytimg.com/vi/IGH4-ZhfVDk/default.jpg,https://i.ytimg.com/vi/IGH4-ZhfVDk/mqdefault.jpg,https://i.ytimg.com/vi/IGH4-ZhfVDk/hqdefault.jpg,Corey Schafer,33594,931,5,0,20,./thumbnails/IGH4-ZhfVDk.jpg
5cvM-crlDvg,2015-06-13T04:35:44Z,Python Tutorial: str() vs repr(),https://i.ytimg.com/vi/5cvM-crlDvg/default.jpg,https://i.ytimg.com/vi/5cvM-crlDvg/mqdefault.jpg,https://i.ytimg.com/vi/5cvM-crlDvg/hqdefault.jpg,Corey Schafer,93741,2434,35,0,75,./thumbnails/5cvM-crlDvg.jpg
4wMKGs2fe4s,2015-05-12T04:22:45Z,Sublime Text Quick Tip: Launch Sublime Text from the Terminal,https://i.ytimg.com/vi/4wMKGs2fe4s/default.jpg,https://i.ytimg.com/vi/4wMKGs2fe4s/mqdefault.jpg,https://i.ytimg.com/vi/4wMKGs2fe4s/hqdefault.jpg,Corey Schafer,12365,188,1,0,35,./thumbnails/4wMKGs2fe4s.jpg
kjBA2WISteM,2015-04-28T05:52:39Z,Git Tutorial: Change DiffMerge Font-Size on Mac OSX,https://i.ytimg.com/vi/kjBA2WISteM/default.jpg,https://i.ytimg.com/vi/kjBA2WISteM/mqdefault.jpg,https://i.ytimg.com/vi/kjBA2WISteM/hqdefault.jpg,Corey Schafer,16758,179,1,0,6,./thumbnails/kjBA2WISteM.jpg
iCGrKFH2oeo,2015-04-28T05:51:49Z,Git Tutorial: Diff and Merge Tools,https://i.ytimg.com/vi/iCGrKFH2oeo/default.jpg,https://i.ytimg.com/vi/iCGrKFH2oeo/mqdefault.jpg,https://i.ytimg.com/vi/iCGrKFH2oeo/hqdefault.jpg,Corey Schafer,116012,1063,27,0,48,./thumbnails/iCGrKFH2oeo.jpg
HfABu4aCI3U,2015-04-27T06:22:24Z,"How Software Engineers, Developers, and Designers can volunteer their skills",https://i.ytimg.com/vi/HfABu4aCI3U/default.jpg,https://i.ytimg.com/vi/HfABu4aCI3U/mqdefault.jpg,https://i.ytimg.com/vi/HfABu4aCI3U/hqdefault.jpg,Corey Schafer,13308,484,3,0,21,./thumbnails/HfABu4aCI3U.jpg
KLEDKgMmbBI,2015-04-17T07:01:44Z,Git Tutorial: Using the Stash Command,https://i.ytimg.com/vi/KLEDKgMmbBI/default.jpg,https://i.ytimg.com/vi/KLEDKgMmbBI/mqdefault.jpg,https://i.ytimg.com/vi/KLEDKgMmbBI/hqdefault.jpg,Corey Schafer,182895,3999,25,0,175,./thumbnails/KLEDKgMmbBI.jpg
U2ZN104hIcc,2015-04-16T06:21:23Z,Python Tutorial: pip - An in-depth look at the package management system,https://i.ytimg.com/vi/U2ZN104hIcc/default.jpg,https://i.ytimg.com/vi/U2ZN104hIcc/mqdefault.jpg,https://i.ytimg.com/vi/U2ZN104hIcc/hqdefault.jpg,Corey Schafer,183019,2904,40,0,150,./thumbnails/U2ZN104hIcc.jpg
N5vscPTWKOk,2015-04-14T05:27:27Z,Python Tutorial: virtualenv and why you should use virtual environments,https://i.ytimg.com/vi/N5vscPTWKOk/default.jpg,https://i.ytimg.com/vi/N5vscPTWKOk/mqdefault.jpg,https://i.ytimg.com/vi/N5vscPTWKOk/hqdefault.jpg,Corey Schafer,616111,9752,120,0,498,./thumbnails/N5vscPTWKOk.jpg
HVMOBKRNEbc,2015-04-04T23:31:06Z,Easily Resize Multiple Images Using the Mac Terminal,https://i.ytimg.com/vi/HVMOBKRNEbc/default.jpg,https://i.ytimg.com/vi/HVMOBKRNEbc/mqdefault.jpg,https://i.ytimg.com/vi/HVMOBKRNEbc/hqdefault.jpg,Corey Schafer,7463,157,0,0,13,./thumbnails/HVMOBKRNEbc.jpg
43eOoHpUW44,2015-04-04T23:26:28Z,Easily Resize Multiple Images Using Picasa,https://i.ytimg.com/vi/43eOoHpUW44/default.jpg,https://i.ytimg.com/vi/43eOoHpUW44/mqdefault.jpg,https://i.ytimg.com/vi/43eOoHpUW44/hqdefault.jpg,Corey Schafer,2090,6,1,0,1,./thumbnails/43eOoHpUW44.jpg
LOFQH4fVAQY,2015-04-03T03:10:17Z,"How to quickly create favicons for the desktop, Apple/Android devices, tablets, and more",https://i.ytimg.com/vi/LOFQH4fVAQY/default.jpg,https://i.ytimg.com/vi/LOFQH4fVAQY/mqdefault.jpg,https://i.ytimg.com/vi/LOFQH4fVAQY/hqdefault.jpg,Corey Schafer,2707,48,2,0,5,./thumbnails/LOFQH4fVAQY.jpg
DwTV5ogPdlU,2015-03-31T02:36:19Z,"Sublime Text Quick Tip: ""Go To Definition"" Click Shortcut",https://i.ytimg.com/vi/DwTV5ogPdlU/default.jpg,https://i.ytimg.com/vi/DwTV5ogPdlU/mqdefault.jpg,https://i.ytimg.com/vi/DwTV5ogPdlU/hqdefault.jpg,Corey Schafer,19413,129,1,0,22,./thumbnails/DwTV5ogPdlU.jpg
sugvnHA7ElY,2015-03-23T05:56:50Z,Python Tutorial: if __name__ == '__main__',https://i.ytimg.com/vi/sugvnHA7ElY/default.jpg,https://i.ytimg.com/vi/sugvnHA7ElY/mqdefault.jpg,https://i.ytimg.com/vi/sugvnHA7ElY/hqdefault.jpg,Corey Schafer,1606719,44084,654,0,1415,./thumbnails/sugvnHA7ElY.jpg
1gupsllu5wQ,2015-03-18T06:35:17Z,"JavaScript Arrays: Properties, Methods, and Manipulation (Part 6 of 7)",https://i.ytimg.com/vi/1gupsllu5wQ/default.jpg,https://i.ytimg.com/vi/1gupsllu5wQ/mqdefault.jpg,https://i.ytimg.com/vi/1gupsllu5wQ/hqdefault.jpg,Corey Schafer,3875,64,0,0,4,./thumbnails/1gupsllu5wQ.jpg
nAWVYFEzoY8,2015-03-18T06:12:46Z,"JavaScript Arrays: Properties, Methods, and Manipulation (Part 2 of 7)",https://i.ytimg.com/vi/nAWVYFEzoY8/default.jpg,https://i.ytimg.com/vi/nAWVYFEzoY8/mqdefault.jpg,https://i.ytimg.com/vi/nAWVYFEzoY8/hqdefault.jpg,Corey Schafer,8469,101,3,0,5,./thumbnails/nAWVYFEzoY8.jpg
cdPS-lmlwco,2015-03-18T06:18:51Z,"JavaScript Arrays: Properties, Methods, and Manipulation (Part 3 of 7)",https://i.ytimg.com/vi/cdPS-lmlwco/default.jpg,https://i.ytimg.com/vi/cdPS-lmlwco/mqdefault.jpg,https://i.ytimg.com/vi/cdPS-lmlwco/hqdefault.jpg,Corey Schafer,5878,74,1,0,2,./thumbnails/cdPS-lmlwco.jpg
JskeRdu_X8Q,2015-03-18T06:23:41Z,"JavaScript Arrays: Properties, Methods, and Manipulation (Part 4 of 7)",https://i.ytimg.com/vi/JskeRdu_X8Q/default.jpg,https://i.ytimg.com/vi/JskeRdu_X8Q/mqdefault.jpg,https://i.ytimg.com/vi/JskeRdu_X8Q/hqdefault.jpg,Corey Schafer,5085,77,1,0,4,./thumbnails/JskeRdu_X8Q.jpg
w4KF_lapbRI,2015-03-18T06:29:52Z,"JavaScript Arrays: Properties, Methods, and Manipulation (Part 5 of 7)",https://i.ytimg.com/vi/w4KF_lapbRI/default.jpg,https://i.ytimg.com/vi/w4KF_lapbRI/mqdefault.jpg,https://i.ytimg.com/vi/w4KF_lapbRI/hqdefault.jpg,Corey Schafer,4574,68,0,0,4,./thumbnails/w4KF_lapbRI.jpg
8JgU2WmrZXI,2015-03-18T05:28:05Z,"JavaScript Arrays: Properties, Methods, and Manipulation (Part 1 of 7)",https://i.ytimg.com/vi/8JgU2WmrZXI/default.jpg,https://i.ytimg.com/vi/8JgU2WmrZXI/mqdefault.jpg,https://i.ytimg.com/vi/8JgU2WmrZXI/hqdefault.jpg,Corey Schafer,30636,298,3,0,19,./thumbnails/8JgU2WmrZXI.jpg
qxzp4X6sfGo,2015-03-18T06:40:11Z,"JavaScript Arrays: Properties, Methods, and Manipulation (Part 7 of 7)",https://i.ytimg.com/vi/qxzp4X6sfGo/default.jpg,https://i.ytimg.com/vi/qxzp4X6sfGo/mqdefault.jpg,https://i.ytimg.com/vi/qxzp4X6sfGo/hqdefault.jpg,Corey Schafer,4699,114,0,0,15,./thumbnails/qxzp4X6sfGo.jpg
jF-OQ-BrIAM,2014-12-29T16:25:08Z,CSS Tips and Tricks: Add External URLs to Print Stylesheets,https://i.ytimg.com/vi/jF-OQ-BrIAM/default.jpg,https://i.ytimg.com/vi/jF-OQ-BrIAM/mqdefault.jpg,https://i.ytimg.com/vi/jF-OQ-BrIAM/hqdefault.jpg,Corey Schafer,5769,44,0,0,3,./thumbnails/jF-OQ-BrIAM.jpg
4glHQglQrU8,2014-12-22T21:30:17Z,Mac Tip: Adding Folder Stacks to the Dock,https://i.ytimg.com/vi/4glHQglQrU8/default.jpg,https://i.ytimg.com/vi/4glHQglQrU8/mqdefault.jpg,https://i.ytimg.com/vi/4glHQglQrU8/hqdefault.jpg,Corey Schafer,21272,176,5,0,19,./thumbnails/4glHQglQrU8.jpg
ZL-LhaaMTTE,2014-12-15T17:21:33Z,"Understanding Binary, Hexadecimal, Decimal (Base-10), and more",https://i.ytimg.com/vi/ZL-LhaaMTTE/default.jpg,https://i.ytimg.com/vi/ZL-LhaaMTTE/mqdefault.jpg,https://i.ytimg.com/vi/ZL-LhaaMTTE/hqdefault.jpg,Corey Schafer,137605,2696,91,0,167,./thumbnails/ZL-LhaaMTTE.jpg
zVLJfrIwEP8,2014-11-26T03:48:04Z,"Sublime Text 3: Setup, Package Control, and Settings",https://i.ytimg.com/vi/zVLJfrIwEP8/default.jpg,https://i.ytimg.com/vi/zVLJfrIwEP8/mqdefault.jpg,https://i.ytimg.com/vi/zVLJfrIwEP8/hqdefault.jpg,Corey Schafer,438291,2485,68,0,317,./thumbnails/zVLJfrIwEP8.jpg
eGT0Z3oafFA,2014-11-26T01:31:40Z,WordPress Tips: Test your theme with Theme Unit Test and Monster Widget,https://i.ytimg.com/vi/eGT0Z3oafFA/default.jpg,https://i.ytimg.com/vi/eGT0Z3oafFA/mqdefault.jpg,https://i.ytimg.com/vi/eGT0Z3oafFA/hqdefault.jpg,Corey Schafer,6289,87,2,0,2,./thumbnails/eGT0Z3oafFA.jpg
obsje6AO3U8,2014-11-23T21:54:54Z,WordPress Plugins: Imsanity,https://i.ytimg.com/vi/obsje6AO3U8/default.jpg,https://i.ytimg.com/vi/obsje6AO3U8/mqdefault.jpg,https://i.ytimg.com/vi/obsje6AO3U8/hqdefault.jpg,Corey Schafer,16110,101,1,0,9,./thumbnails/obsje6AO3U8.jpg
VmQq1o1taOA,2014-11-13T05:02:14Z,Mac Tip: Ways to perform Screen Capturing and Screenshots,https://i.ytimg.com/vi/VmQq1o1taOA/default.jpg,https://i.ytimg.com/vi/VmQq1o1taOA/mqdefault.jpg,https://i.ytimg.com/vi/VmQq1o1taOA/hqdefault.jpg,Corey Schafer,3664,79,1,0,4,./thumbnails/VmQq1o1taOA.jpg
o78WQr_kYSk,2014-11-07T04:28:10Z,Paver Patio Time Lapse,https://i.ytimg.com/vi/o78WQr_kYSk/default.jpg,https://i.ytimg.com/vi/o78WQr_kYSk/mqdefault.jpg,https://i.ytimg.com/vi/o78WQr_kYSk/hqdefault.jpg,Corey Schafer,23942,595,6,0,34,./thumbnails/o78WQr_kYSk.jpg
AMlNnhdJOo8,2014-10-28T04:13:59Z,ArcGIS API for JavaScript Part 2: Starting Templates,https://i.ytimg.com/vi/AMlNnhdJOo8/default.jpg,https://i.ytimg.com/vi/AMlNnhdJOo8/mqdefault.jpg,https://i.ytimg.com/vi/AMlNnhdJOo8/hqdefault.jpg,Corey Schafer,26194,214,2,0,14,./thumbnails/AMlNnhdJOo8.jpg
0liXeoADU6A,2014-08-01T03:33:31Z,Linux/Mac Terminal Tutorial: Creating Aliases for Commands,https://i.ytimg.com/vi/0liXeoADU6A/default.jpg,https://i.ytimg.com/vi/0liXeoADU6A/mqdefault.jpg,https://i.ytimg.com/vi/0liXeoADU6A/hqdefault.jpg,Corey Schafer,33097,464,8,0,38,./thumbnails/0liXeoADU6A.jpg
g0O86DQnDiA,2014-08-01T04:03:20Z,Mac Tip: Windows' Snapping Feature on Mac with HyperDock,https://i.ytimg.com/vi/g0O86DQnDiA/default.jpg,https://i.ytimg.com/vi/g0O86DQnDiA/mqdefault.jpg,https://i.ytimg.com/vi/g0O86DQnDiA/hqdefault.jpg,Corey Schafer,8578,73,1,0,8,./thumbnails/g0O86DQnDiA.jpg
-tsFnoKNtNc,2014-07-23T05:04:05Z,ArcGIS API for JavaScript Part 1: Our First Web Map,https://i.ytimg.com/vi/-tsFnoKNtNc/default.jpg,https://i.ytimg.com/vi/-tsFnoKNtNc/mqdefault.jpg,https://i.ytimg.com/vi/-tsFnoKNtNc/hqdefault.jpg,Corey Schafer,66551,469,10,0,26,./thumbnails/-tsFnoKNtNc.jpg
uOMk8MlE_v4,2014-07-20T17:10:06Z,"Sublime Text 2: Setup, Package Control, and Settings",https://i.ytimg.com/vi/uOMk8MlE_v4/default.jpg,https://i.ytimg.com/vi/uOMk8MlE_v4/mqdefault.jpg,https://i.ytimg.com/vi/uOMk8MlE_v4/hqdefault.jpg,Corey Schafer,44298,208,4,0,27,./thumbnails/uOMk8MlE_v4.jpg
OlpVKUpraao,2014-07-15T16:44:37Z,Using Font Awesome in Desktop Applications (OS X),https://i.ytimg.com/vi/OlpVKUpraao/default.jpg,https://i.ytimg.com/vi/OlpVKUpraao/mqdefault.jpg,https://i.ytimg.com/vi/OlpVKUpraao/hqdefault.jpg,Corey Schafer,30677,129,5,0,9,./thumbnails/OlpVKUpraao.jpg
y2AlgMII1OU,2014-07-02T01:07:03Z,Web fonts using CSS Font Face,https://i.ytimg.com/vi/y2AlgMII1OU/default.jpg,https://i.ytimg.com/vi/y2AlgMII1OU/mqdefault.jpg,https://i.ytimg.com/vi/y2AlgMII1OU/hqdefault.jpg,Corey Schafer,10038,81,3,0,12,./thumbnails/y2AlgMII1OU.jpg
zlWkB4bzZsg,2014-04-25T15:27:10Z,Lab Puppy playing fetch in a lake,https://i.ytimg.com/vi/zlWkB4bzZsg/default.jpg,https://i.ytimg.com/vi/zlWkB4bzZsg/mqdefault.jpg,https://i.ytimg.com/vi/zlWkB4bzZsg/hqdefault.jpg,Corey Schafer,10150,334,1,0,19,./thumbnails/zlWkB4bzZsg.jpg
_63O1hgJTaQ,2014-04-25T15:20:17Z,Lab Puppy playing fetch in a creek,https://i.ytimg.com/vi/_63O1hgJTaQ/default.jpg,https://i.ytimg.com/vi/_63O1hgJTaQ/mqdefault.jpg,https://i.ytimg.com/vi/_63O1hgJTaQ/hqdefault.jpg,Corey Schafer,9665,222,0,0,4,./thumbnails/_63O1hgJTaQ.jpg
sEJGynuNdWw,2014-04-25T14:16:32Z,If I'm running even 1 minute late for my dog's morning walk...,https://i.ytimg.com/vi/sEJGynuNdWw/default.jpg,https://i.ytimg.com/vi/sEJGynuNdWw/mqdefault.jpg,https://i.ytimg.com/vi/sEJGynuNdWw/hqdefault.jpg,Corey Schafer,62432,1240,16,0,61,./thumbnails/sEJGynuNdWw.jpg
iT1SE6AMbq0,2014-03-22T04:09:54Z,Lab Puppy Diving in Snow,https://i.ytimg.com/vi/iT1SE6AMbq0/default.jpg,https://i.ytimg.com/vi/iT1SE6AMbq0/mqdefault.jpg,https://i.ytimg.com/vi/iT1SE6AMbq0/hqdefault.jpg,Corey Schafer,22966,415,2,0,13,./thumbnails/iT1SE6AMbq0.jpg
UI1x1nevQD0,2014-01-20T02:08:29Z,Lab puppy playing in bath tub,https://i.ytimg.com/vi/UI1x1nevQD0/default.jpg,https://i.ytimg.com/vi/UI1x1nevQD0/mqdefault.jpg,https://i.ytimg.com/vi/UI1x1nevQD0/hqdefault.jpg,Corey Schafer,21491,602,3,0,29,./thumbnails/UI1x1nevQD0.jpg
